Marca,Nombre,Coste,Género,Links
Converse,"
			            Canvas Broderie Chuck Taylor All Star High Top
			        ","
55,00 €
",Ninos,https://www.converse.com/eshttps://www.converse.com/es/regular/canvas-broderie-chuck-taylor-all-star-high-top/671286MP.html?lang=es_ES
Converse,"
			            Canvas Broderie EVA Platform Chuck Taylor All Star Low Top
			        ","
55,00 €
",Ninos,https://www.converse.com/eshttps://www.converse.com/es/regular/canvas-broderie-eva-platform-chuck-taylor-all-star-low-top/671285MP.html?lang=es_ES
Converse,"
			            Canvas Broderie Chuck Taylor All Star Low Top
			        ","
50,00 €
",Ninos,https://www.converse.com/eshttps://www.converse.com/es/regular/canvas-broderie-chuck-taylor-all-star-low-top/671287MP.html?lang=es_ES
Converse,"
			            Canvas Broderie Easy-On Chuck Taylor All Star Low Top para niño/a pequeño/a
			        ","
45,00 €
",Ninos,https://www.converse.com/eshttps://www.converse.com/es/regular/canvas-broderie-easy-on-chuck-taylor-all-star-low-top-para-ni%C3%B1o%2Fa-peque%C3%B1o%2Fa/771288MP.html?lang=es_ES
Converse,"
			            Little Kids Vintage Canvas Chuck 70 High Top
			        ","
60,00 €
",Ninos,https://www.converse.com/eshttps://www.converse.com/es/regular/little-kids-vintage-canvas-chuck-70-high-top/368984C.html?lang=es_ES&dwvar_368984C_color=white%2Fgarnet%2Fegret
Converse,"
			            Little Kids Vintage Canvas Chuck 70 Low Top
			        ","
55,00 €
",Ninos,https://www.converse.com/eshttps://www.converse.com/es/regular/little-kids-vintage-canvas-chuck-70-low-top/368988C.html?lang=es_ES&dwvar_368988C_color=white%2Fgarnet%2Fegret
Converse,"
			            Little Kids Vintage Canvas Chuck 70 High Top
			        ","
60,00 €
",Ninos,https://www.converse.com/eshttps://www.converse.com/es/regular/little-kids-vintage-canvas-chuck-70-high-top/368983C.html?lang=es_ES&dwvar_368983C_color=black%2Fblack%2Fegret
Converse,"
			            Little Kids Vintage Canvas Chuck 70 Low Top
			        ","
55,00 €
",Ninos,https://www.converse.com/eshttps://www.converse.com/es/regular/little-kids-vintage-canvas-chuck-70-low-top/368986C.html?lang=es_ES&dwvar_368986C_color=black%2Fblack%2Fegret
Converse,"
			            Custom Chuck Taylor All Star High Top
			        ","
65,00 €
",Ninos,https://www.converse.com/eshttp://www.converse.com/es/dyo/custom-chuck-taylor-all-star-high-top/352612CSU21_snails.html?lang=es_ES
Converse,"
			            Custom Chuck Taylor All Star High Top
			        ","
60,00 €
",Ninos,https://www.converse.com/eshttp://www.converse.com/es/dyo/custom-chuck-taylor-all-star-high-top/760170CSU21_worms.html?lang=es_ES
Converse,"
			            Custom Chuck Taylor All Star High Top
			        ","
60,00 €
",Ninos,https://www.converse.com/eshttp://www.converse.com/es/dyo/custom-chuck-taylor-all-star-high-top/760170CSU21_snails.html?lang=es_ES
Converse,"
			            Custom Chuck Taylor All Star Low Top
			        ","
60,00 €
",Ninos,https://www.converse.com/eshttp://www.converse.com/es/dyo/custom-chuck-taylor-all-star-low-top/352613CSU21_worms.html?lang=es_ES
Converse,"
			            Croco Surf Chuck Taylor All Star High Top
			        ","
50,00 €
",Ninos,https://www.converse.com/eshttps://www.converse.com/es/regular/croco-surf-chuck-taylor-all-star-high-top/671292MP.html?lang=es_ES
Converse,"
			            Croco Surf Chuck Taylor All Star Low Top
			        ","
45,00 €
",Ninos,https://www.converse.com/eshttps://www.converse.com/es/regular/croco-surf-chuck-taylor-all-star-low-top/671293MP.html?lang=es_ES
Converse,"
			            Croco Surf Easy-On Chuck Taylor All Star Low Top para niño/pequeño/a
			        ","
40,00 €
",Ninos,https://www.converse.com/eshttps://www.converse.com/es/regular/croco-surf-easy-on-chuck-taylor-all-star-low-top-para-ni%C3%B1o%2Fpeque%C3%B1o%2Fa/771294MP.html?lang=es_ES
Converse,"
			            Little Kids Vintage Canvas Chuck 70 Low Top
			        ","
55,00 €
",Ninos,https://www.converse.com/eshttps://www.converse.com/es/regular/little-kids-vintage-canvas-chuck-70-low-top/368987C.html?lang=es_ES&dwvar_368987C_color=sunflower%2Fblack%2Fegret
Converse,"
			            Sunflower EVA Platform Chuck Taylor All Star Low Top
			        ","
50,00 €
",Ninos,https://www.converse.com/eshttps://www.converse.com/es/regular/sunflower-eva-platform-chuck-taylor-all-star-low-top/670881MP.html?lang=es_ES
Converse,"
			            EVA Platform Chuck Taylor All Star Low Top
			        ","
50,00 €
",Ninos,https://www.converse.com/eshttps://www.converse.com/es/regular/eva-platform-chuck-taylor-all-star-low-top/670892MP.html?lang=es_ES
Converse,"
			            Sun Graphic Easy-On Chuck Taylor All Star Low Top para niño/pequeño/a
			        ","
40,00 €
",Ninos,https://www.converse.com/eshttps://www.converse.com/es/regular/sun-graphic-easy-on-chuck-taylor-all-star-low-top-para-ni%C3%B1o%2Fpeque%C3%B1o%2Fa/770703MP.html?lang=es_ES
Converse,"
			            Sun Graphic Chuck Taylor All Star Low Top
			        ","
45,00 €
",Ninos,https://www.converse.com/eshttps://www.converse.com/es/regular/sun-graphic-chuck-taylor-all-star-low-top/670702MP.html?lang=es_ES
Converse,"
			            A Bug's World Easy-On Chuck Taylor All Star High Top para niño/a pequeño/a
			        ","
45,00 €
",Ninos,https://www.converse.com/eshttps://www.converse.com/es/regular/a-bug%27s-world-easy-on-chuck-taylor-all-star-high-top-para-ni%C3%B1o%2Fa-peque%C3%B1o%2Fa/770708MP.html?lang=es_ES
Converse,"
			            Flowery Bugs Easy-On Chuck Taylor All Star Low Top para niño/a pequeño/a
			        ","
40,00 €
",Ninos,https://www.converse.com/eshttps://www.converse.com/es/regular/flowery-bugs-easy-on-chuck-taylor-all-star-low-top-para-ni%C3%B1o%2Fa-peque%C3%B1o%2Fa/771291MP.html?lang=es_ES
Converse,"
			            A Bug's World Easy-On Chuck Taylor All Star Low Top para niño/a pequeño/a
			        ","
40,00 €
",Ninos,https://www.converse.com/eshttps://www.converse.com/es/regular/a-bug%27s-world-easy-on-chuck-taylor-all-star-low-top-para-ni%C3%B1o%2Fa-peque%C3%B1o%2Fa/770710MP.html?lang=es_ES
Converse,"
			            A Bug's World Chuck Taylor All Star Low Top
			        ","
45,00 €
",Ninos,https://www.converse.com/eshttps://www.converse.com/es/regular/a-bug%27s-world-chuck-taylor-all-star-low-top/670705MP.html?lang=es_ES
Converse,"
			            Converse Color Chuck Taylor All Star High Top
			        ","
50,00 €
",Ninos,https://www.converse.com/eshttps://www.converse.com/es/regular/converse-color-chuck-taylor-all-star-high-top/670671MP.html?lang=es_ES
Converse,"
			            Converse Color Easy-On Chuck Taylor All Star High Top para niño/a pequeño/a
			        ","
45,00 €
",Ninos,https://www.converse.com/eshttps://www.converse.com/es/regular/converse-color-easy-on-chuck-taylor-all-star-high-top-para-ni%C3%B1o%2Fa-peque%C3%B1o%2Fa/770891MP.html?lang=es_ES
Converse,"
			            Converse Color Chuck Taylor All Star Low Top
			        ","
45,00 €
",Ninos,https://www.converse.com/eshttps://www.converse.com/es/regular/converse-color-chuck-taylor-all-star-low-top/670672MP.html?lang=es_ES
Converse,"
			            Converse Color Easy-On Chuck Taylor All Star Low Top para niño/a pequeño/a
			        ","
40,00 €
",Ninos,https://www.converse.com/eshttps://www.converse.com/es/regular/converse-color-easy-on-chuck-taylor-all-star-low-top-para-ni%C3%B1o%2Fa-peque%C3%B1o%2Fa/770653MP.html?lang=es_ES
Converse,"
			            Custom Chuck Taylor All Star Low Top
			        ","
60,00 €
",Ninos,https://www.converse.com/eshttp://www.converse.com/es/dyo/custom-chuck-taylor-all-star-low-top/352613CSU21_yellow.html?lang=es_ES
Converse,"
			            Custom Easy-On Chuck Taylor All Star Low Top
			        ","
55,00 €
",Ninos,https://www.converse.com/eshttp://www.converse.com/es/dyo/custom-easy-on-chuck-taylor-all-star-low-top/760182CSU21_crystal.html?lang=es_ES
Converse,"
			            Custom Chuck Taylor All Star High Top
			        ","
60,00 €
",Ninos,https://www.converse.com/eshttp://www.converse.com/es/dyo/custom-chuck-taylor-all-star-high-top/760170CSU21_yellow.html?lang=es_ES
Converse,"
			            Custom Chuck Taylor All Star Low Top
			        ","
55,00 €
",Ninos,https://www.converse.com/eshttp://www.converse.com/es/dyo/custom-chuck-taylor-all-star-low-top/760174CSU21_pink.html?lang=es_ES
Converse,"
			            Butterfly Easy-On Chuck Taylor All Star High Top para niño/a pequeño/a
			        ","
45,00 €
",Ninos,https://www.converse.com/eshttps://www.converse.com/es/regular/butterfly-easy-on-chuck-taylor-all-star-high-top-para-ni%C3%B1o%2Fa-peque%C3%B1o%2Fa/770712MP.html?lang=es_ES
Converse,"
			            Butterfly Easy-On Chuck Taylor All Star Low Top para niño/a pequeño/a
			        ","
40,00 €
",Ninos,https://www.converse.com/eshttps://www.converse.com/es/regular/butterfly-easy-on-chuck-taylor-all-star-low-top-para-ni%C3%B1o%2Fa-peque%C3%B1o%2Fa/770655MP.html?lang=es_ES
Converse,"
			            UV Glitter Chuck Taylor All Star High Top
			        ","
55,00 €
",Ninos,https://www.converse.com/eshttps://www.converse.com/es/regular/uv-glitter-chuck-taylor-all-star-high-top/670697MP.html?lang=es_ES
Converse,"
			            UV Glitter Chuck Taylor All Star Low Top
			        ","
50,00 €
",Ninos,https://www.converse.com/eshttps://www.converse.com/es/regular/uv-glitter-chuck-taylor-all-star-low-top/670698MP.html?lang=es_ES
Converse,"
			            Chuck Taylor All Star Classic para niño/a pequeño/a y jóvenes
			        ","
50,00 €
",Ninos,https://www.converse.com/eshttps://www.converse.com/es/regular/chuck-taylor-all-star-classic-para-ni%C3%B1o%2Fa-peque%C3%B1o%2Fa-y-j%C3%B3venes/3J231MP.html?lang=es_ES
Converse,"
			            Chuck Taylor All Star Classic Low-Top
			        ","
45,00 €
",Ninos,https://www.converse.com/eshttps://www.converse.com/es/regular/chuck-taylor-all-star-classic-low-top/3J235MP.html?lang=es_ES
Converse,"
			            Chuck Taylor All Star Classic
			        ","
45,00 €
",Ninos,https://www.converse.com/eshttps://www.converse.com/es/regular/chuck-taylor-all-star-classic/7J231MP.html?lang=es_ES
Converse,"
			            Chuck Taylor All Star Classic
			        ","
40,00 €
",Ninos,https://www.converse.com/eshttps://www.converse.com/es/regular/chuck-taylor-all-star-classic/7J235MP.html?lang=es_ES
Converse,"
			            Converse Color EVA Platform Chuck Taylor All Star High Top
			        ","
55,00 €
",Ninos,https://www.converse.com/eshttps://www.converse.com/es/regular/converse-color-eva-platform-chuck-taylor-all-star-high-top/671106MP.html?lang=es_ES
Converse,"
			            Everyday Ease EVA Platform Chuck Taylor All Star Low Top
			        ","
50,00 €
",Ninos,https://www.converse.com/eshttps://www.converse.com/es/regular/everyday-ease-eva-platform-chuck-taylor-all-star-low-top/670033MP.html?lang=es_ES
Converse,"
			            Gingham Easy-On Chuck Taylor All Star High Top para niño/a pequeño/a
			        ","
45,00 €
",Ninos,https://www.converse.com/eshttps://www.converse.com/es/regular/gingham-easy-on-chuck-taylor-all-star-high-top-para-ni%C3%B1o%2Fa-peque%C3%B1o%2Fa/770695MP.html?lang=es_ES
Converse,"
			            Gingham Easy-On Chuck Taylor All Star Low Top para niño/a pequeño/a
			        ","
40,00 €
",Ninos,https://www.converse.com/eshttps://www.converse.com/es/regular/gingham-easy-on-chuck-taylor-all-star-low-top-para-ni%C3%B1o%2Fa-peque%C3%B1o%2Fa/770652MP.html?lang=es_ES
Converse,"
			            UNT1TL3D High Top
			        ","
60,00 €
",Ninos,https://www.converse.com/eshttps://www.converse.com/es/regular/unt1tl3d-high-top/266514MP.html?lang=es_ES
Converse,"
			            Leather Chuck Taylor All Star Low Top
			        ","
50,00 €
",Ninos,https://www.converse.com/eshttps://www.converse.com/es/regular/leather-chuck-taylor-all-star-low-top/335891MP.html?lang=es_ES
Converse,"
			            Sandalias Dinos Chuck Taylor All Star Superplay Low Top para niño/a pequeño/a
			        ","
30,00 €
",Ninos,https://www.converse.com/eshttps://www.converse.com/es/regular/sandalias-dinos-chuck-taylor-all-star-superplay-low-top-para-ni%C3%B1o%2Fa-peque%C3%B1o%2Fa/770741MP.html?lang=es_ES
Converse,"
			            Chuck Taylor All Star 2V Tdlr/Yth
			        ","
30,00 €
",Ninos,https://www.converse.com/eshttps://www.converse.com/es/regular/chuck-taylor-all-star-2v-tdlr%2Fyth/7V603C.html?lang=es_ES
Converse,"
			            Chuck Taylor All Star Classic para niño/a pequeño/a y jóvenes
			        ","
50,00 €
",Ninos,https://www.converse.com/eshttps://www.converse.com/es/regular/chuck-taylor-all-star-classic-para-ni%C3%B1o%2Fa-peque%C3%B1o%2Fa-y-j%C3%B3venes/3J231C.html?lang=es_ES&dwvar_3J231C_color=black&dwvar_3J231C_gender=kids
Converse,"
			            Tundra Print Chuck Taylor All Star High Top Shoe
			        ","
50,00 €
",Ninos,https://www.converse.com/eshttps://www.converse.com/es/regular/tundra-print-chuck-taylor-all-star-high-top-shoe/671127MP.html?lang=es_ES
Converse,"
			            Archive Prints Chuck Taylor All Star Low Top
			        ","
45,00 €
",Ninos,https://www.converse.com/eshttps://www.converse.com/es/regular/archive-prints-chuck-taylor-all-star-low-top/671128MP.html?lang=es_ES
Converse,"
			            Tundra Print Easy-On Chuck Taylor All Star Low Top
			        ","
40,00 €
",Ninos,https://www.converse.com/eshttps://www.converse.com/es/regular/tundra-print-easy-on-chuck-taylor-all-star-low-top/771129MP.html?lang=es_ES
Converse,"
			            Explore Nature Chuck Taylor All Star High Top
			        ","
50,00 €
",Ninos,https://www.converse.com/eshttp://www.converse.com/es/regular/explore-nature-chuck-taylor-all-star-high-top/671102C_010.html?lang=es_ES
Converse,"
			            Explore Nature Chuck Taylor All Star High Top
			        ","
50,00 €
",Ninos,https://www.converse.com/eshttp://www.converse.com/es/regular/explore-nature-chuck-taylor-all-star-high-top/671101C_010.html?lang=es_ES
Converse,"
			            Explore Nature Chuck Taylor All Star High Top
			        ","
50,00 €
",Ninos,https://www.converse.com/eshttp://www.converse.com/es/regular/explore-nature-chuck-taylor-all-star-high-top/671100C_015.html?lang=es_ES
Converse,"
			            Explore Nature Easy-On Chuck Taylor All Star Low Top
			        ","
40,00 €
",Ninos,https://www.converse.com/eshttps://www.converse.com/es/regular/explore-nature-easy-on-chuck-taylor-all-star-low-top/771138MP.html?lang=es_ES
Converse,"
			            Love Ceremony Chuck Taylor All Star High Top
			        ","
55,00 €
",Ninos,https://www.converse.com/eshttps://www.converse.com/es/regular/love-ceremony-chuck-taylor-all-star-high-top/671097MP.html?lang=es_ES
Converse,"
			            Love Ceremony Chuck Taylor All Star Low Top
			        ","
50,00 €
",Ninos,https://www.converse.com/eshttps://www.converse.com/es/regular/love-ceremony-chuck-taylor-all-star-low-top/671098MP.html?lang=es_ES
Converse,"
			            Love Ceremony EVA Platform Chuck Taylor All Star High Top
			        ","
60,00 €
",Ninos,https://www.converse.com/eshttps://www.converse.com/es/regular/love-ceremony-eva-platform-chuck-taylor-all-star-high-top/671104MP.html?lang=es_ES
Converse,"
			            Love Ceremony Easy-On Chuck Taylor All Star Low Top
			        ","
45,00 €
",Ninos,https://www.converse.com/eshttps://www.converse.com/es/regular/love-ceremony-easy-on-chuck-taylor-all-star-low-top/771136MP.html?lang=es_ES
Converse,"
			            Chuck Taylor All Star Classic
			        ","
50,00 €
",Ninos,https://www.converse.com/eshttps://www.converse.com/es/regular/chuck-taylor-all-star-classic/3J232C.html?lang=es_ES&dwvar_3J232C_color=red&dwvar_3J232C_gender=kids
Converse,"
			            Chuck Taylor All Star Classic Low Top
			        ","
45,00 €
",Ninos,https://www.converse.com/eshttps://www.converse.com/es/regular/chuck-taylor-all-star-classic-low-top/3J236C.html?lang=es_ES&dwvar_3J236C_color=red&dwvar_3J236C_gender=kids
Converse,"
			            8-Bit Chuck Taylor All Star High Top
			        ","
50,00 €
",Ninos,https://www.converse.com/eshttps://www.converse.com/es/regular/8-bit-chuck-taylor-all-star-high-top/670349MP.html?lang=es_ES
Converse,"
			            8-Bit Easy-On Chuck Taylor All Star Low Top
			        ","
40,00 €
",Ninos,https://www.converse.com/eshttps://www.converse.com/es/regular/8-bit-easy-on-chuck-taylor-all-star-low-top/770166MP.html?lang=es_ES
Converse,"
			            Ditsy Floral Chuck Taylor All Star High Top
			        ","
50,00 €
",Ninos,https://www.converse.com/eshttps://www.converse.com/es/regular/ditsy-floral-chuck-taylor-all-star-high-top/670214MP.html?lang=es_ES
Converse,"
			            Ditsy Floral Easy-On Chuck Taylor All Star High Top
			        ","
45,00 €
",Ninos,https://www.converse.com/eshttps://www.converse.com/es/regular/ditsy-floral-easy-on-chuck-taylor-all-star-high-top/770502MP.html?lang=es_ES
Converse,"
			            Ditsy Floral Easy-On Chuck Taylor All Star Low Top
			        ","
40,00 €
",Ninos,https://www.converse.com/eshttps://www.converse.com/es/regular/ditsy-floral-easy-on-chuck-taylor-all-star-low-top/770217MP.html?lang=es_ES
Converse,"
			            Chuck Taylor All Star Hook and Loop Low Top
			        ","
40,00 €
",Ninos,https://www.converse.com/eshttps://www.converse.com/es/regular/chuck-taylor-all-star-hook-and-loop-low-top/709447C.html?lang=es_ES
Converse,"
			            Spring Flowers Chuck Taylor All Star High Top
			        ","
55,00 €
",Ninos,https://www.converse.com/eshttps://www.converse.com/es/regular/spring-flowers-chuck-taylor-all-star-high-top/671099MP.html?lang=es_ES
Converse,"
			            Spring Flowers Easy-On EVA Platform Chuck Taylor All Star High Top
			        ","
50,00 €
",Ninos,https://www.converse.com/eshttps://www.converse.com/es/regular/spring-flowers-easy-on-eva-platform-chuck-taylor-all-star-high-top/771137MP.html?lang=es_ES
Converse,"
			            Spring Flowers EVA Platform Chuck Taylor All Star Low Top
			        ","
55,00 €
",Ninos,https://www.converse.com/eshttps://www.converse.com/es/regular/spring-flowers-eva-platform-chuck-taylor-all-star-low-top/671105MP.html?lang=es_ES
Converse,"
			            Canvas Color EVA Platform Chuck Taylor All Star Low Top
			        ","
50,00 €
",Ninos,https://www.converse.com/eshttps://www.converse.com/es/regular/canvas-color-eva-platform-chuck-taylor-all-star-low-top/670203MP.html?lang=es_ES
Converse,"
			            Big Kids Leather Chuck Taylor All Star Platform
			        ","
60,00 €
",Ninos,https://www.converse.com/eshttps://www.converse.com/es/regular/big-kids-leather-chuck-taylor-all-star-platform/666392MP.html?lang=es_ES
Converse,"
			            Everyday Platform Chuck Taylor All Star Low Top para niño/a
			        ","
50,00 €
",Ninos,https://www.converse.com/eshttps://www.converse.com/es/regular/everyday-platform-chuck-taylor-all-star-low-top-para-ni%C3%B1o%2Fa/668028C.html?lang=es_ES&dwvar_668028C_color=white%2Fmidnight%20navy%2Fgarnet&dwvar_668028C_gender=kids
Converse,"
			            Archive Prints Chuck Taylor All Star High Top
			        ","
50,00 €
",Ninos,https://www.converse.com/eshttps://www.converse.com/es/regular/archive-prints-chuck-taylor-all-star-high-top/671103MP.html?lang=es_ES
Converse,"
			            Archive Zebra Chuck Taylor All Star Low Top para niño/a pequeño/a
			        ","
50,00 €
",Ninos,https://www.converse.com/eshttps://www.converse.com/es/regular/archive-zebra-chuck-taylor-all-star-low-top-para-ni%C3%B1o%2Fa-peque%C3%B1o%2Fa/366296C.html?lang=es_ES
Converse,"
			            Chuck Taylor All Star Low Top Archive Leopard, para niño/a pequeño/a
			        ","
45,00 €
",Ninos,https://www.converse.com/eshttps://www.converse.com/es/regular/chuck-taylor-all-star-low-top-archive-leopard%2C-para-ni%C3%B1o%2Fa-peque%C3%B1o%2Fa/366297C.html?lang=es_ES
Converse,"
			            Archive Flames Chuck Taylor All Star Low Top para niño/a pequeño/a
			        ","
45,00 €
",Ninos,https://www.converse.com/eshttps://www.converse.com/es/regular/archive-flames-chuck-taylor-all-star-low-top-para-ni%C3%B1o%2Fa-peque%C3%B1o%2Fa/366197C.html?lang=es_ES
Converse,"
			            Archive Flames Chuck Taylor All Star Cribster Mid
			        ","
30,00 €
",Ninos,https://www.converse.com/eshttps://www.converse.com/es/regular/archive-flames-chuck-taylor-all-star-cribster-mid/870414MP.html?lang=es_ES
Converse,"
			            Chuck Taylor All Star Cribster
			        ","
30,00 €
",Ninos,https://www.converse.com/eshttps://www.converse.com/es/regular/chuck-taylor-all-star-cribster/865157C.html?lang=es_ES&dwvar_865157C_color=white%2F%20natural%20ivory%2Fwhite&dwvar_865157C_gender=kids
Converse,"
			            Chuck Taylor All Star Cribster
			        ","
30,00 €
",Ninos,https://www.converse.com/eshttps://www.converse.com/es/regular/chuck-taylor-all-star-cribster/865156C.html?lang=es_ES&dwvar_865156C_color=black%2Fnatural%20ivory%2Fwhite
Converse,"
			            Infant Chuck Taylor All Star Cribster
			        ","
30,00 €
",Ninos,https://www.converse.com/eshttps://www.converse.com/es/regular/infant-chuck-taylor-all-star-cribster/866933MP.html?lang=es_ES
Converse,"
			            Star Player 3V Low Top
			        ","
45,00 €
",Ninos,https://www.converse.com/eshttps://www.converse.com/es/regular/star-player-3v-low-top/315660MP.html?lang=es_ES
Converse,"
			            Star Player 3V Low Top
			        ","
40,00 €
",Ninos,https://www.converse.com/eshttps://www.converse.com/es/regular/star-player-3v-low-top/715660.html?lang=es_ES
Converse,"
			            Varsity Canvas Easy-On Star Player Low Top
			        ","
45,00 €
",Ninos,https://www.converse.com/eshttps://www.converse.com/es/regular/varsity-canvas-easy-on-star-player-low-top/670227MP.html?lang=es_ES
Converse,"
			            Varsity Canvas Easy-On Star Player Low Top
			        ","
40,00 €
",Ninos,https://www.converse.com/eshttps://www.converse.com/es/regular/varsity-canvas-easy-on-star-player-low-top/770228MP.html?lang=es_ES
Converse,"
			            Everyday Platform Chuck Taylor All Star Low Top para niño/a
			        ","
50,00 €
",Ninos,https://www.converse.com/eshttps://www.converse.com/es/regular/everyday-platform-chuck-taylor-all-star-low-top-para-ni%C3%B1o%2Fa/668028MP.html?lang=es_ES
Converse,"
			            Big Kids Leather EVA Platform Chuck Taylor All Star Low Top
			        ","
55,00 €
",Ninos,https://www.converse.com/eshttps://www.converse.com/es/regular/big-kids-leather-eva-platform-chuck-taylor-all-star-low-top/669709MP.html?lang=es_ES
Converse,"
			            Toddlers' Easy-On Star Player Low Top
			        ","
42,00 €
",Ninos,https://www.converse.com/eshttps://www.converse.com/es/regular/toddlers%27-easy-on-star-player-low-top/746139C.html?lang=es_ES
Converse,"
			            Big Kids Leather Twist Easy-On Star Player Low Top
			        ","
50,00 €
",Ninos,https://www.converse.com/eshttps://www.converse.com/es/regular/big-kids-leather-twist-easy-on-star-player-low-top/668427MP.html?lang=es_ES
Converse,"
			            Chuck Taylor All Star High Top Leather, para niño/a pequeño/a
			        ","
50,00 €
",Ninos,https://www.converse.com/eshttps://www.converse.com/es/regular/chuck-taylor-all-star-high-top-leather%2C-para-ni%C3%B1o%2Fa-peque%C3%B1o%2Fa/335892MP.html?lang=es_ES
Converse,"
			            Chuck Taylor All Star 2V Leather para niño/a pequeño/a
			        ","
45,00 €
",Ninos,https://www.converse.com/eshttps://www.converse.com/es/regular/chuck-taylor-all-star-2v-leather-para-ni%C3%B1o%2Fa-peque%C3%B1o%2Fa/748653C.html?lang=es_ES
Converse,"
			            Easy-On Chuck Taylor All Star Low Top para niño/a pequeño/a
			        ","
40,00 €
",Ninos,https://www.converse.com/eshttps://www.converse.com/es/regular/easy-on-chuck-taylor-all-star-low-top-para-ni%C3%B1o%2Fa-peque%C3%B1o%2Fa/769029C.html?lang=es_ES
Converse,"
			            Zapatillas Easy-On Star Player Low Top
			        ","
40,00 €
",Ninos,https://www.converse.com/eshttps://www.converse.com/es/regular/zapatillas-easy-on-star-player-low-top/766966C.html?lang=es_ES
Converse,"
			            Zapatillas Easy-On Star Player Low Top
			        ","
45,00 €
",Ninos,https://www.converse.com/eshttps://www.converse.com/es/regular/zapatillas-easy-on-star-player-low-top/666960C.html?lang=es_ES
Converse,"
			            Chuck Taylor All Star Cribster
			        ","
30,00 €
",Ninos,https://www.converse.com/eshttps://www.converse.com/es/regular/chuck-taylor-all-star-cribster/865158C.html?lang=es_ES&dwvar_865158C_color=navy%2Fnatural%20ivory%2Fwhite
Converse,"
			            A Bug's World Chuck Taylor All Star High Top
			        ","
50,00 €
",Ninos,https://www.converse.com/eshttps://www.converse.com/es/regular/a-bug%27s-world-chuck-taylor-all-star-high-top/670704MP.html?lang=es_ES
Converse,"
			            Archive Foil Easy-On Chuck Taylor All Star Low Top para niño/a pequeño/a
			        ","
40,00 €
",Ninos,https://www.converse.com/eshttps://www.converse.com/es/regular/archive-foil-easy-on-chuck-taylor-all-star-low-top-para-ni%C3%B1o%2Fa-peque%C3%B1o%2Fa/770688MP.html?lang=es_ES
Converse,"
			            Unicorns Chuck Taylor All Star Superplay Sandal Low Top
			        ","
35,00 €
",Ninos,https://www.converse.com/eshttps://www.converse.com/es/regular/unicorns-chuck-taylor-all-star-superplay-sandal-low-top/670742MP.html?lang=es_ES
Converse,"
			            Sandalias Dinos Chuck Taylor All Star Superplay Low Top
			        ","
35,00 €
",Ninos,https://www.converse.com/eshttps://www.converse.com/es/regular/sandalias-dinos-chuck-taylor-all-star-superplay-low-top/670740MP.html?lang=es_ES
Converse,"
			            Butterfly Chuck Taylor All Star Low Top
			        ","
45,00 €
",Ninos,https://www.converse.com/eshttps://www.converse.com/es/regular/butterfly-chuck-taylor-all-star-low-top/670709MP.html?lang=es_ES
Converse,"
			            Sandalias Chuck Taylor All Star Superplay
			        ","

30,00 €
9,99 €

",Ninos,https://www.converse.com/eshttps://www.converse.com/es/regular/sandalias-chuck-taylor-all-star-superplay/764455C.html?lang=es_ES
Converse,"
			            Flowery Bugs Chuck Taylor All Star High Top
			        ","
50,00 €
",Ninos,https://www.converse.com/eshttps://www.converse.com/es/regular/flowery-bugs-chuck-taylor-all-star-high-top/671289MP.html?lang=es_ES
Converse,"
			            Sandalias Unicorns Easy-On Chuck Taylor All Star Superplay Low Top para niño/a pequeño/a
			        ","
30,00 €
",Ninos,https://www.converse.com/eshttps://www.converse.com/es/regular/sandalias-unicorns-easy-on-chuck-taylor-all-star-superplay-low-top-para-ni%C3%B1o%2Fa-peque%C3%B1o%2Fa/770884MP.html?lang=es_ES
Converse,"
			            Multicolor Midsole EVA Platform Chuck Taylor All Star Low Top
			        ","
50,00 €
",Ninos,https://www.converse.com/eshttps://www.converse.com/es/regular/multicolor-midsole-eva-platform-chuck-taylor-all-star-low-top/670736MP.html?lang=es_ES
Converse,"
			            Gingham Chuck Taylor All Star Low Top
			        ","
45,00 €
",Ninos,https://www.converse.com/eshttps://www.converse.com/es/regular/gingham-chuck-taylor-all-star-low-top/670694MP.html?lang=es_ES
Converse,"
			            Butterfly Chuck Taylor All Star High Top
			        ","
50,00 €
",Ninos,https://www.converse.com/eshttps://www.converse.com/es/regular/butterfly-chuck-taylor-all-star-high-top/670711MP.html?lang=es_ES
Converse,"
			            Gingham Chuck Taylor All Star High Top
			        ","
50,00 €
",Ninos,https://www.converse.com/eshttps://www.converse.com/es/regular/gingham-chuck-taylor-all-star-high-top/670692MP.html?lang=es_ES
Converse,"
			            Chuck Taylor All Star Classic Low Top
			        ","
45,00 €
",Ninos,https://www.converse.com/eshttps://www.converse.com/es/regular/chuck-taylor-all-star-classic-low-top/3J235C.html?lang=es_ES&dwvar_3J235C_color=black&dwvar_3J235C_gender=kids
Converse,"
			            Custom Easy-On Chuck Taylor All Star Low Top
			        ","
55,00 €
",Ninos,https://www.converse.com/eshttp://www.converse.com/es/dyo/custom-easy-on-chuck-taylor-all-star-low-top/760182CSU21_snails.html?lang=es_ES
Converse,"
			            Custom Chuck Taylor All Star Low Top
			        ","
55,00 €
",Ninos,https://www.converse.com/eshttp://www.converse.com/es/dyo/custom-chuck-taylor-all-star-low-top/760174CSU21_orange.html?lang=es_ES
Converse,"
			            Custom Chuck Taylor All Star Low Top
			        ","
55,00 €
",Ninos,https://www.converse.com/eshttp://www.converse.com/es/dyo/custom-chuck-taylor-all-star-low-top/760174CSU21_snails.html?lang=es_ES
Converse,"
			            Custom Chuck Taylor All Star Low Top
			        ","
60,00 €
",Ninos,https://www.converse.com/eshttp://www.converse.com/es/dyo/custom-chuck-taylor-all-star-low-top/352613CSU21_snails.html?lang=es_ES
Converse,"
			            Custom Easy-On Chuck Taylor All Star Low Top
			        ","
55,00 €
",Ninos,https://www.converse.com/eshttp://www.converse.com/es/dyo/custom-easy-on-chuck-taylor-all-star-low-top/760182CSU21_navy.html?lang=es_ES
Converse,"
			            Custom Chuck Taylor All Star Low Top
			        ","
55,00 €
",Ninos,https://www.converse.com/eshttp://www.converse.com/es/dyo/custom-chuck-taylor-all-star-low-top/760174CSU21_worms.html?lang=es_ES
Converse,"
			            Chuck Taylor All Star Cribster
			        ","
30,00 €
",Ninos,https://www.converse.com/eshttps://www.converse.com/es/regular/chuck-taylor-all-star-cribster/865157MP.html?lang=es_ES
Converse,"
			            Little Kids Vintage Canvas Chuck 70 Low Top
			        ","
55,00 €
",Ninos,https://www.converse.com/eshttps://www.converse.com/es/regular/little-kids-vintage-canvas-chuck-70-low-top/368987MP.html?lang=es_ES
Converse,"
			            Chuck Taylor All Star High Top Leather, para niño/a pequeño/a
			        ","
50,00 €
",Ninos,https://www.converse.com/eshttps://www.converse.com/es/regular/chuck-taylor-all-star-high-top-leather%2C-para-ni%C3%B1o%2Fa-peque%C3%B1o%2Fa/335892C.html?lang=es_ES&dwvar_335892C_color=white%2Fgarnet%2Fnavy&dwvar_335892C_gender=kids
Converse,"
			            Little Kids Vintage Canvas Chuck 70 High Top
			        ","
60,00 €
",Ninos,https://www.converse.com/eshttps://www.converse.com/es/regular/little-kids-vintage-canvas-chuck-70-high-top/368983MP.html?lang=es_ES
Converse,"
			            Chuck Taylor All Star Classic
			        ","
40,00 €
",Ninos,https://www.converse.com/eshttps://www.converse.com/es/regular/chuck-taylor-all-star-classic/7J235C.html?lang=es_ES&dwvar_7J235C_color=black&dwvar_7J235C_gender=kids
Converse,"
			            Toddler Twill Twist Pro Blaze Strap High Top
			        ","
50,00 €
",Ninos,https://www.converse.com/eshttps://www.converse.com/es/regular/toddler-twill-twist-pro-blaze-strap-high-top/768425MP.html?lang=es_ES
Converse,"
			            Leather Chuck Taylor All Star Platform para niño/a
			        ","
60,00 €
",Ninos,https://www.converse.com/eshttps://www.converse.com/es/regular/leather-chuck-taylor-all-star-platform-para-ni%C3%B1o%2Fa/666392C.html?lang=es_ES&dwvar_666392C_color=white%2Fwhite%2Fblack&dwvar_666392C_gender=kids
Converse,"
			            Toddlers' Coated Glitter Easy-On Star Player Low Top
			        ","
45,00 €
",Ninos,https://www.converse.com/eshttps://www.converse.com/es/regular/toddlers%27-coated-glitter-easy-on-star-player-low-top/768479MP.html?lang=es_ES
Converse,"
			            Chuck Taylor All Star Classic Niño Pequeño
			        ","
45,00 €
",Ninos,https://www.converse.com/eshttps://www.converse.com/es/regular/chuck-taylor-all-star-classic-ni%C3%B1o-peque%C3%B1o/7J231C.html?lang=es_ES&dwvar_7J231C_color=black&dwvar_7J231C_gender=kids
Converse,"
			            Toddler's She's A Star Easy-On Chuck Taylor All Star Low Top
			        ","
40,00 €
",Ninos,https://www.converse.com/eshttps://www.converse.com/es/regular/toddler%27s-she%27s-a-star-easy-on-chuck-taylor-all-star-low-top/769706MP.html?lang=es_ES
Converse,"
			            Little Kids Vintage Canvas Chuck 70 High Top
			        ","
60,00 €
",Ninos,https://www.converse.com/eshttps://www.converse.com/es/regular/little-kids-vintage-canvas-chuck-70-high-top/368985C.html?lang=es_ES&dwvar_368985C_color=sunflower%2Fblack%2Fegret
Converse,"
			            Big Kids She's A Star Chuck Taylor All Star Low Top
			        ","
45,00 €
",Ninos,https://www.converse.com/eshttps://www.converse.com/es/regular/big-kids-she%27s-a-star-chuck-taylor-all-star-low-top/669705MP.html?lang=es_ES
Converse,"
			            Custom Chuck Taylor All Star Low Top
			        ","
60,00 €
",Ninos,https://www.converse.com/eshttp://www.converse.com/es/dyo/custom-chuck-taylor-all-star-low-top/352613CSU21_navy.html?lang=es_ES
Converse,"
			            Custom Chuck Taylor All Star High Top
			        ","
65,00 €
",Ninos,https://www.converse.com/eshttp://www.converse.com/es/dyo/custom-chuck-taylor-all-star-high-top/352612CSU21_pink.html?lang=es_ES
Converse,"
			            Custom Chuck Taylor All Star Low Top
			        ","
60,00 €
",Ninos,https://www.converse.com/eshttp://www.converse.com/es/dyo/custom-chuck-taylor-all-star-low-top/352613CSU21_blankcanvas.html?lang=es_ES
Converse,"
			            Custom Chuck Taylor All Star Dinoverse High Top
			        ","
65,00 €
",Ninos,https://www.converse.com/eshttp://www.converse.com/es/dyo/custom-chuck-taylor-all-star-dinoverse-high-top/365805CSU19_black.html?lang=es_ES
Converse,"
			            Custom Chuck Taylor All Star High Top
			        ","
60,00 €
",Ninos,https://www.converse.com/eshttp://www.converse.com/es/dyo/custom-chuck-taylor-all-star-high-top/760170CSU21_black.html?lang=es_ES
Converse,"
			            Custom Chuck Taylor All Star Low Top
			        ","
55,00 €
",Ninos,https://www.converse.com/eshttp://www.converse.com/es/dyo/custom-chuck-taylor-all-star-low-top/760174CSU21_blankcanvas.html?lang=es_ES
Converse,"
			            Custom Easy-On Chuck Taylor All Star Low Top
			        ","
55,00 €
",Ninos,https://www.converse.com/eshttp://www.converse.com/es/dyo/custom-easy-on-chuck-taylor-all-star-low-top/760182CSU21_worms.html?lang=es_ES
Converse,"
			            Custom Easy-On Chuck Taylor All Star Low Top
			        ","
55,00 €
",Ninos,https://www.converse.com/eshttp://www.converse.com/es/dyo/custom-easy-on-chuck-taylor-all-star-low-top/760182CSU21_purple.html?lang=es_ES
Converse,"
			            Custom Chuck Taylor All Star High Top
			        ","
60,00 €
",Ninos,https://www.converse.com/eshttp://www.converse.com/es/dyo/custom-chuck-taylor-all-star-high-top/760170CSU21_blankcanvas.html?lang=es_ES
Converse,"
			            Custom Chuck Taylor All Star Dinoverse High Top
			        ","
60,00 €
",Ninos,https://www.converse.com/eshttp://www.converse.com/es/dyo/custom-chuck-taylor-all-star-dinoverse-high-top/765806CSU19_black.html?lang=es_ES
Converse,"
			            Chuck Taylor All Star Low Top Leather para bebés
			        ","
45,00 €
",Ninos,https://www.converse.com/eshttps://www.converse.com/es/regular/chuck-taylor-all-star-low-top-leather-para-beb%C3%A9s/735892MP.html?lang=es_ES
Converse,"
			            Everyday Ease Platform Chuck Taylor All Star Low Top para niño/a
			        ","

50,00 €
24,99 €

",Ninos,https://www.converse.com/eshttps://www.converse.com/es/regular/everyday-ease-platform-chuck-taylor-all-star-low-top-para-ni%C3%B1o%2Fa/668282MP.html?lang=es_ES
Converse,"
			            Chuck Taylor All Star Mono High Top
			        ","

50,00 €
39,99 €

",Ninos,https://www.converse.com/eshttps://www.converse.com/es/regular/chuck-taylor-all-star-mono-high-top/3S121C.html?lang=es_ES&dwvar_3S121C_color=black%20monochrome&dwvar_3S121C_gender=kids
Converse,"
			            Summer Sparkle Chuck Taylor All Star Low Top para niño/a
			        ","

45,00 €
24,99 €

",Ninos,https://www.converse.com/eshttps://www.converse.com/es/regular/summer-sparkle-chuck-taylor-all-star-low-top-para-ni%C3%B1o%2Fa/667571MP.html?lang=es_ES
Converse,"
			            Daisy Crochet Chuck Taylor All Star Low Top para niño/a
			        ","

50,00 €
29,99 €

",Ninos,https://www.converse.com/eshttps://www.converse.com/es/regular/daisy-crochet-chuck-taylor-all-star-low-top-para-ni%C3%B1o%2Fa/668284C.html?lang=es_ES&dwvar_668284C_color=blushing%20bride%2Fwhite%2Fblack&dwvar_668284C_gender=kids
Converse,"
			            Big Kids Everyday Platform Chuck Taylor All Star High Top
			        ","

55,00 €
39,99 €

",Ninos,https://www.converse.com/eshttps://www.converse.com/es/regular/big-kids-everyday-platform-chuck-taylor-all-star-high-top/668026MP.html?lang=es_ES
Converse,"
			            Archive Zebra Chuck Taylor All Star Low Top para niño/a
			        ","

45,00 €
24,99 €

",Ninos,https://www.converse.com/eshttps://www.converse.com/es/regular/archive-zebra-chuck-taylor-all-star-low-top-para-ni%C3%B1o%2Fa/667604MP.html?lang=es_ES
Converse,"
			            Seasonal Color Chuck Taylor All Star Low Top para niño/a
			        ","

45,00 €
29,99 €

",Ninos,https://www.converse.com/eshttps://www.converse.com/es/regular/seasonal-color-chuck-taylor-all-star-low-top-para-ni%C3%B1o%2Fa/666822MP.html?lang=es_ES
Converse,"
			            Chuck Taylor All Star PC Boot High Top
			        ","

65,00 €
44,99 €

",Ninos,https://www.converse.com/eshttps://www.converse.com/es/regular/chuck-taylor-all-star-pc-boot-high-top/665163C.html?lang=es_ES
Converse,"
			            Toddler Converse x Scooby-Doo Easy-On Chuck Taylor All Star
			        ","

50,00 €
24,97 €

",Ninos,https://www.converse.com/eshttps://www.converse.com/es/regular/toddler-converse-x-scooby-doo-easy-on-chuck-taylor-all-star/769078MP.html?lang=es_ES
Converse,"
			            Little Kids Converse x Scooby-Doo Chuck Taylor All Star High Top
			        ","

55,00 €
29,99 €

",Ninos,https://www.converse.com/eshttp://www.converse.com/es/regular/little-kids-converse-x-scooby-doo-chuck-taylor-all-star-high-top/369074C_010.html?lang=es_ES
