Nombre,Marca,Coste,Género,Url,web_origen
"
GEL-KAYANO™ 27
",asics,"

180,00

",Mujer,https://www.asics.com/es/es-es/womens-shoes/c/as20200000/?sz=96&start=https://www.asics.com/es/es-es/gel-kayano%E2%84%A2-27/p/1012A649-401.html,asics.com
"
GEL-NIMBUS™ 23
",asics,"

180,00

",Mujer,https://www.asics.com/es/es-es/womens-shoes/c/as20200000/?sz=96&start=https://www.asics.com/es/es-es/gel-nimbus%E2%84%A2-23/p/1012A885-402.html,asics.com
"
GEL-NIMBUS™ 23
",asics,"

180,00

",Mujer,https://www.asics.com/es/es-es/womens-shoes/c/as20200000/?sz=96&start=https://www.asics.com/es/es-es/gel-nimbus%E2%84%A2-23/p/1012B011-700.html,asics.com
"
GEL-KAYANO™ 27
",asics,"

180,00

",Mujer,https://www.asics.com/es/es-es/womens-shoes/c/as20200000/?sz=96&start=https://www.asics.com/es/es-es/gel-kayano%E2%84%A2-27/p/1012A649-001.html,asics.com
"
GEL-KAYANO™ 27
",asics,"

180,00

",Mujer,https://www.asics.com/es/es-es/womens-shoes/c/as20200000/?sz=96&start=https://www.asics.com/es/es-es/gel-kayano%E2%84%A2-27/p/1012A649-021.html,asics.com
"
GT-2000™ 9
",asics,"

140,00

",Mujer,https://www.asics.com/es/es-es/womens-shoes/c/as20200000/?sz=96&start=https://www.asics.com/es/es-es/gt-2000%E2%84%A2-9/p/1012A859-022.html,asics.com
"
GEL-NIMBUS™ 23
",asics,"

180,00

",Mujer,https://www.asics.com/es/es-es/womens-shoes/c/as20200000/?sz=96&start=https://www.asics.com/es/es-es/gel-nimbus%E2%84%A2-23/p/1012A885-002.html,asics.com
"
GEL-NIMBUS™ 23 PLATINUM
",asics,"

200,00

",Mujer,https://www.asics.com/es/es-es/womens-shoes/c/as20200000/?sz=96&start=https://www.asics.com/es/es-es/gel-nimbus%E2%84%A2-23-platinum/p/1012B013-001.html,asics.com
"
GEL-CUMULUS™ 22
",asics,"

140,00

",Mujer,https://www.asics.com/es/es-es/womens-shoes/c/as20200000/?sz=96&start=https://www.asics.com/es/es-es/gel-cumulus%E2%84%A2-22/p/1012A741-403.html,asics.com
"
GEL-NIMBUS™ 23 NEW STRONG™
",asics,"

180,00

",Mujer,https://www.asics.com/es/es-es/womens-shoes/c/as20200000/?sz=96&start=https://www.asics.com/es/es-es/gel-nimbus%E2%84%A2-23-new-strong%E2%84%A2/p/1012A999-300.html,asics.com
"
GEL-NIMBUS™ 23
",asics,"

180,00

",Mujer,https://www.asics.com/es/es-es/womens-shoes/c/as20200000/?sz=96&start=https://www.asics.com/es/es-es/gel-nimbus%E2%84%A2-23/p/1012A885-001.html,asics.com
"
GT-2000™ 9
",asics,"

140,00

",Mujer,https://www.asics.com/es/es-es/womens-shoes/c/as20200000/?sz=96&start=https://www.asics.com/es/es-es/gt-2000%E2%84%A2-9/p/1012A859-001.html,asics.com
"
GEL-NIMBUS™ 23
",asics,"

180,00

",Mujer,https://www.asics.com/es/es-es/womens-shoes/c/as20200000/?sz=96&start=https://www.asics.com/es/es-es/gel-nimbus%E2%84%A2-23/p/1012A885-400.html,asics.com
"
GEL-CUMULUS™ 22
",asics,"

140,00

",Mujer,https://www.asics.com/es/es-es/womens-shoes/c/as20200000/?sz=96&start=https://www.asics.com/es/es-es/gel-cumulus%E2%84%A2-22/p/1012A741-026.html,asics.com
"
NOVABLAST™ PLATINUM
",asics,"

160,00

",Mujer,https://www.asics.com/es/es-es/womens-shoes/c/as20200000/?sz=96&start=https://www.asics.com/es/es-es/novablast%E2%84%A2-platinum/p/1012B014-001.html,asics.com
"
GEL-NIMBUS™ 23 EARTH DAY
",asics,"

180,00

",Mujer,https://www.asics.com/es/es-es/womens-shoes/c/as20200000/?sz=96&start=https://www.asics.com/es/es-es/gel-nimbus%E2%84%A2-23-earth-day/p/1012B016-101.html,asics.com
"
GEL-Trabuco™ 9 G-TX
",asics,"

160,00

",Mujer,https://www.asics.com/es/es-es/womens-shoes/c/as20200000/?sz=96&start=https://www.asics.com/es/es-es/gel-trabuco%E2%84%A2-9-g-tx/p/1012A900-001.html,asics.com
"
GEL-KAYANO™ 27 LITE-SHOW™
",asics,"

190,00

",Mujer,https://www.asics.com/es/es-es/womens-shoes/c/as20200000/?sz=96&start=https://www.asics.com/es/es-es/gel-kayano%E2%84%A2-27-lite-show%E2%84%A2/p/1012B003-400.html,asics.com
"
GEL-Trabuco™ 9 G-TX
",asics,"

160,00

",Mujer,https://www.asics.com/es/es-es/womens-shoes/c/as20200000/?sz=96&start=https://www.asics.com/es/es-es/gel-trabuco%E2%84%A2-9-g-tx/p/1012A900-002.html,asics.com
"
GEL-KAYANO™ 27
",asics,"

180,00

",Mujer,https://www.asics.com/es/es-es/womens-shoes/c/as20200000/?sz=96&start=https://www.asics.com/es/es-es/gel-kayano%E2%84%A2-27/p/1012A649-003.html,asics.com
"
GEL-NIMBUS™ 23 TOKYO
",asics,"

180,00

",Mujer,https://www.asics.com/es/es-es/womens-shoes/c/as20200000/?sz=96&start=https://www.asics.com/es/es-es/gel-nimbus%E2%84%A2-23-tokyo/p/1012B140-600.html,asics.com
"
GEL-KAYANO™ 27 TOKYO
",asics,"

180,00

",Mujer,https://www.asics.com/es/es-es/womens-shoes/c/as20200000/?sz=96&start=https://www.asics.com/es/es-es/gel-kayano%E2%84%A2-27-tokyo/p/1012A948-100.html,asics.com
"
NOVABLAST™
",asics,"

140,00

",Mujer,https://www.asics.com/es/es-es/womens-shoes/c/as20200000/?sz=96&start=https://www.asics.com/es/es-es/novablast%E2%84%A2/p/1012A584-002.html,asics.com
"
GEL-SONOMA™ 6 G-TX
",asics,"

100,00

",Mujer,https://www.asics.com/es/es-es/womens-shoes/c/as20200000/?sz=96&start=https://www.asics.com/es/es-es/gel-sonoma%E2%84%A2-6-g-tx/p/1012A921-002.html,asics.com
"
MAGIC SPEED™
",asics,"

160,00

",Mujer,https://www.asics.com/es/es-es/womens-shoes/c/as20200000/?sz=96&start=https://www.asics.com/es/es-es/magic-speed%E2%84%A2/p/1012A895-600.html,asics.com
"
GT-2000™ 9 KNIT
",asics,"

140,00

",Mujer,https://www.asics.com/es/es-es/womens-shoes/c/as20200000/?sz=96&start=https://www.asics.com/es/es-es/gt-2000%E2%84%A2-9-knit/p/1012A867-400.html,asics.com
"
GEL-NIMBUS ™23 LITE-SHOW™
",asics,"

190,00

",Mujer,https://www.asics.com/es/es-es/womens-shoes/c/as20200000/?sz=96&start=https://www.asics.com/es/es-es/gel-nimbus-%E2%84%A223-lite-show%E2%84%A2/p/1012A881-400.html,asics.com
"
GEL-Trabuco™ Terra
",asics,"

110,00

",Mujer,https://www.asics.com/es/es-es/womens-shoes/c/as20200000/?sz=96&start=https://www.asics.com/es/es-es/gel-trabuco%E2%84%A2-terra/p/1012A902-020.html,asics.com
"
GEL-NIMBUS™ 23 KNIT
",asics,"

180,00

",Mujer,https://www.asics.com/es/es-es/womens-shoes/c/as20200000/?sz=96&start=https://www.asics.com/es/es-es/gel-nimbus%E2%84%A2-23-knit/p/1012A880-020.html,asics.com
"
GEL-LYTE™ III OG EARTH DAY
",asics,"

130,00

",Mujer,https://www.asics.com/es/es-es/womens-shoes/c/as20200000/?sz=96&start=https://www.asics.com/es/es-es/gel-lyte%E2%84%A2-iii-og-earth-day/p/1201A206-101.html,asics.com
"
GEL-CUMULUS™ 22 NARROW
",asics,"

140,00

",Mujer,https://www.asics.com/es/es-es/womens-shoes/c/as20200000/?sz=96&start=https://www.asics.com/es/es-es/gel-cumulus%E2%84%A2-22-narrow/p/1012A740-022.html,asics.com
"
NOVABLAST™ TOKYO
",asics,"

140,00

",Mujer,https://www.asics.com/es/es-es/womens-shoes/c/as20200000/?sz=96&start=https://www.asics.com/es/es-es/novablast%E2%84%A2-tokyo/p/1012A941-600.html,asics.com
"
GEL-LYTE™ III OG
",asics,"

130,00

",Mujer,https://www.asics.com/es/es-es/womens-shoes/c/as20200000/?sz=96&start=https://www.asics.com/es/es-es/gel-lyte%E2%84%A2-iii-og/p/1201A050-100.html,asics.com
"
EvoRide TOKYO
",asics,"

130,00

",Mujer,https://www.asics.com/es/es-es/womens-shoes/c/as20200000/?sz=96&start=https://www.asics.com/es/es-es/evoride-tokyo/p/1012A947-100.html,asics.com
"
GEL-KAYANO™ 14
",asics,"

150,00

",Mujer,https://www.asics.com/es/es-es/womens-shoes/c/as20200000/?sz=96&start=https://www.asics.com/es/es-es/gel-kayano%E2%84%A2-14/p/1201A019-103.html,asics.com
"
METASPEED™ SKY
",asics,"

250,00

",Mujer,https://www.asics.com/es/es-es/womens-shoes/c/as20200000/?sz=96&start=https://www.asics.com/es/es-es/metaspeed%E2%84%A2-sky/p/1012B069-600.html,asics.com
"
DYNABLAST™
",asics,"

120,00

",Mujer,https://www.asics.com/es/es-es/womens-shoes/c/as20200000/?sz=96&start=https://www.asics.com/es/es-es/dynablast%E2%84%A2/p/1012A701-004.html,asics.com
"
GEL-KAYANO™ 14
",asics,"

150,00

",Mujer,https://www.asics.com/es/es-es/womens-shoes/c/as20200000/?sz=96&start=https://www.asics.com/es/es-es/gel-kayano%E2%84%A2-14/p/1201A019-001.html,asics.com
"
HYPERSPRINT™ 7
",asics,"

75,00

",Mujer,https://www.asics.com/es/es-es/womens-shoes/c/as20200000/?sz=96&start=https://www.asics.com/es/es-es/hypersprint%E2%84%A2-7/p/1091A015-701.html,asics.com
"
GEL-Trabuco™ 9
",asics,"

140,00

",Mujer,https://www.asics.com/es/es-es/womens-shoes/c/as20200000/?sz=96&start=https://www.asics.com/es/es-es/gel-trabuco%E2%84%A2-9/p/1012A904-020.html,asics.com
"
GLIDERIDE™ 2
",asics,"

160,00

",Mujer,https://www.asics.com/es/es-es/womens-shoes/c/as20200000/?sz=96&start=https://www.asics.com/es/es-es/glideride%E2%84%A2-2/p/1012A890-400.html,asics.com
"
TRABUCO MAX™
",asics,"

160,00

",Mujer,https://www.asics.com/es/es-es/womens-shoes/c/as20200000/?sz=96&start=https://www.asics.com/es/es-es/trabuco-max%E2%84%A2/p/1012A901-002.html,asics.com
"
GEL-NIMBUS™ 22
",asics,"

180,00

",Mujer,https://www.asics.com/es/es-es/womens-shoes/c/as20200000/?sz=96&start=https://www.asics.com/es/es-es/gel-nimbus%E2%84%A2-22/p/1202A129-300.html,asics.com
"
GEL-NIMBUS™ 22
",asics,"

180,00

",Mujer,https://www.asics.com/es/es-es/womens-shoes/c/as20200000/?sz=96&start=https://www.asics.com/es/es-es/gel-nimbus%E2%84%A2-22/p/1202A129-020.html,asics.com
"
GEL-PULSE™ 12
",asics,"

100,00

",Mujer,https://www.asics.com/es/es-es/womens-shoes/c/as20200000/?sz=96&start=https://www.asics.com/es/es-es/gel-pulse%E2%84%A2-12/p/1012A724-002.html,asics.com
"
EVORIDE™ 2
",asics,"

130,00

",Mujer,https://www.asics.com/es/es-es/womens-shoes/c/as20200000/?sz=96&start=https://www.asics.com/es/es-es/evoride%E2%84%A2-2/p/1012A891-001.html,asics.com
"
METARIDE™
",asics,"

250,00

",Mujer,https://www.asics.com/es/es-es/womens-shoes/c/as20200000/?sz=96&start=https://www.asics.com/es/es-es/metaride%E2%84%A2/p/1012B070-400.html,asics.com
"
FUJITRABUCO™ LYTE
",asics,"

130,00

",Mujer,https://www.asics.com/es/es-es/womens-shoes/c/as20200000/?sz=96&start=https://www.asics.com/es/es-es/fujitrabuco%E2%84%A2-lyte/p/1012A599-002.html,asics.com
"
GEL-NOOSA TRI™ 12
",asics,"

140,00

",Mujer,https://www.asics.com/es/es-es/womens-shoes/c/as20200000/?sz=96&start=https://www.asics.com/es/es-es/gel-noosa-tri%E2%84%A2-12/p/1012B125-702.html,asics.com
"
GLIDERIDE™
",asics,"

160,00

",Mujer,https://www.asics.com/es/es-es/womens-shoes/c/as20200000/?sz=96&start=https://www.asics.com/es/es-es/glideride%E2%84%A2/p/1012A943-100.html,asics.com
"
NOOSA TRI™ 13
",asics,"

140,00

",Mujer,https://www.asics.com/es/es-es/womens-shoes/c/as20200000/?sz=96&start=https://www.asics.com/es/es-es/noosa-tri%E2%84%A2-13/p/1012B010-700.html,asics.com
"
SKYCOURT™
",asics,"

85,00

",Mujer,https://www.asics.com/es/es-es/womens-shoes/c/as20200000/?sz=96&start=https://www.asics.com/es/es-es/skycourt%E2%84%A2/p/1201A169-109.html,asics.com
"
GEL-CONTEND™ SL
",asics,"

70,00

",Mujer,https://www.asics.com/es/es-es/womens-shoes/c/as20200000/?sz=96&start=https://www.asics.com/es/es-es/gel-contend%E2%84%A2-sl/p/1132A057-001.html,asics.com
"
GEL-LYTE III OG
",asics,"

130,00

",Mujer,https://www.asics.com/es/es-es/womens-shoes/c/as20200000/?sz=96&start=https://www.asics.com/es/es-es/gel-lyte-iii-og/p/1201A081-100.html,asics.com
"
SKYCOURT™
",asics,"

85,00

",Mujer,https://www.asics.com/es/es-es/womens-shoes/c/as20200000/?sz=96&start=https://www.asics.com/es/es-es/skycourt%E2%84%A2/p/1201A089-101.html,asics.com
"
SKYCOURT™
",asics,"

85,00

",Mujer,https://www.asics.com/es/es-es/womens-shoes/c/as20200000/?sz=96&start=https://www.asics.com/es/es-es/skycourt%E2%84%A2/p/1201A089-100.html,asics.com
"
GEL-QUANTUM 360™ 6
",asics,"

170,00

",Mujer,https://www.asics.com/es/es-es/womens-shoes/c/as20200000/?sz=96&start=https://www.asics.com/es/es-es/gel-quantum-360%E2%84%A2-6/p/1202A038-400.html,asics.com
"
TARTHER™ OG
",asics,"

80,00

",Mujer,https://www.asics.com/es/es-es/womens-shoes/c/as20200000/?sz=96&start=https://www.asics.com/es/es-es/tarther%E2%84%A2-og/p/1201A167-100.html,asics.com
"
NOOSA TRI™ 13
",asics,"

140,00

",Mujer,https://www.asics.com/es/es-es/womens-shoes/c/as20200000/?sz=96&start=https://www.asics.com/es/es-es/noosa-tri%E2%84%A2-13/p/1012A898-400.html,asics.com
"
GEL-LYTE III OG
",asics,"

130,00

",Mujer,https://www.asics.com/es/es-es/womens-shoes/c/as20200000/?sz=96&start=https://www.asics.com/es/es-es/gel-lyte-iii-og/p/1201A164-200.html,asics.com
"
JAPAN S™
",asics,"

70,00

",Mujer,https://www.asics.com/es/es-es/womens-shoes/c/as20200000/?sz=96&start=https://www.asics.com/es/es-es/japan-s%E2%84%A2/p/1201A088-100.html,asics.com
"
GT-1000™ 9 G-TX
",asics,"

130,00

",Mujer,https://www.asics.com/es/es-es/womens-shoes/c/as20200000/?sz=96&start=https://www.asics.com/es/es-es/gt-1000%E2%84%A2-9-g-tx/p/1012A765-020.html,asics.com
"
GEL-GAME™ 8 CLAY/OC
",asics,"

80,00

",Mujer,https://www.asics.com/es/es-es/womens-shoes/c/as20200000/?sz=96&start=https://www.asics.com/es/es-es/gel-game%E2%84%A2-8-clayoc/p/1042A151-700.html,asics.com
"
MATCONTROL™ 2
",asics,"

90,00

",Mujer,https://www.asics.com/es/es-es/womens-shoes/c/as20200000/?sz=96&start=https://www.asics.com/es/es-es/matcontrol%E2%84%A2-2/p/1081A029-400.html,asics.com
"
GEL-QUANTUM™ 90
",asics,"

100,00

",Mujer,https://www.asics.com/es/es-es/womens-shoes/c/as20200000/?sz=96&start=https://www.asics.com/es/es-es/gel-quantum%E2%84%A2-90/p/1201A064-002.html,asics.com
"
SOLUTION SPEED™ FF 2 L.E.
",asics,"

150,00

",Mujer,https://www.asics.com/es/es-es/womens-shoes/c/as20200000/?sz=96&start=https://www.asics.com/es/es-es/solution-speed%E2%84%A2-ff-2-l.e./p/1042A142-100.html,asics.com
"
GEL-NANDI™ OG
",asics,"

110,00

",Mujer,https://www.asics.com/es/es-es/womens-shoes/c/as20200000/?sz=96&start=https://www.asics.com/es/es-es/gel-nandi%E2%84%A2-og/p/1202A119-300.html,asics.com
"
GEL-ROCKET™ 9
",asics,"

65,00

",Mujer,https://www.asics.com/es/es-es/womens-shoes/c/as20200000/?sz=96&start=https://www.asics.com/es/es-es/gel-rocket%E2%84%A2-9/p/1072A034-100.html,asics.com
"
SKYCOURT™ EARTH DAY
",asics,"

85,00

",Mujer,https://www.asics.com/es/es-es/womens-shoes/c/as20200000/?sz=96&start=https://www.asics.com/es/es-es/skycourt%E2%84%A2-earth-day/p/1201A226-101.html,asics.com
"
TARTHER™ BLAST
",asics,"

130,00

",Mujer,https://www.asics.com/es/es-es/womens-shoes/c/as20200000/?sz=96&start=https://www.asics.com/es/es-es/tarther%E2%84%A2-blast/p/1201A219-101.html,asics.com
"
GEL-SONOMA™ 6 G-TX
",asics,"

100,00

",Mujer,https://www.asics.com/es/es-es/womens-shoes/c/as20200000/?sz=96&start=https://www.asics.com/es/es-es/gel-sonoma%E2%84%A2-6-g-tx/p/1012A921-001.html,asics.com
"
EVORIDE™ 2
",asics,"

130,00

",Mujer,https://www.asics.com/es/es-es/womens-shoes/c/as20200000/?sz=96&start=https://www.asics.com/es/es-es/evoride%E2%84%A2-2/p/1012A891-400.html,asics.com
"
JAPAN S™
",asics,"

70,00

",Mujer,https://www.asics.com/es/es-es/womens-shoes/c/as20200000/?sz=96&start=https://www.asics.com/es/es-es/japan-s%E2%84%A2/p/1201A173-109.html,asics.com
"
SKYCOURT™
",asics,"

85,00

",Mujer,https://www.asics.com/es/es-es/womens-shoes/c/as20200000/?sz=96&start=https://www.asics.com/es/es-es/skycourt%E2%84%A2/p/1201A169-100.html,asics.com
"
GLIDERIDE™ 2 EARTH DAY
",asics,"

160,00

",Mujer,https://www.asics.com/es/es-es/womens-shoes/c/as20200000/?sz=96&start=https://www.asics.com/es/es-es/glideride%E2%84%A2-2-earth-day/p/1012B018-101.html,asics.com
"
TARTHER™ OG
",asics,"

80,00

",Mujer,https://www.asics.com/es/es-es/womens-shoes/c/as20200000/?sz=96&start=https://www.asics.com/es/es-es/tarther%E2%84%A2-og/p/1201A167-028.html,asics.com
"
METARIDE™
",asics,"

250,00

",Mujer,https://www.asics.com/es/es-es/womens-shoes/c/as20200000/?sz=96&start=https://www.asics.com/es/es-es/metaride%E2%84%A2/p/1012A130-002.html,asics.com
"
TARTHER™ OG
",asics,"

80,00

",Mujer,https://www.asics.com/es/es-es/womens-shoes/c/as20200000/?sz=96&start=https://www.asics.com/es/es-es/tarther%E2%84%A2-og/p/1201A167-809.html,asics.com
"
METARIDE™
",asics,"

250,00

",Mujer,https://www.asics.com/es/es-es/womens-shoes/c/as20200000/?sz=96&start=https://www.asics.com/es/es-es/metaride%E2%84%A2/p/1012A843-700.html,asics.com
"
TARTHER™ BLAST
",asics,"

110,00

",Mujer,https://www.asics.com/es/es-es/womens-shoes/c/as20200000/?sz=96&start=https://www.asics.com/es/es-es/tarther%E2%84%A2-blast/p/1201A066-021.html,asics.com
"
JAPAN S™
",asics,"

70,00

",Mujer,https://www.asics.com/es/es-es/womens-shoes/c/as20200000/?sz=96&start=https://www.asics.com/es/es-es/japan-s%E2%84%A2/p/1192A147-103.html,asics.com
"
PADEL LIMA™ FF
",asics,"

120,00

",Mujer,https://www.asics.com/es/es-es/womens-shoes/c/as20200000/?sz=96&start=https://www.asics.com/es/es-es/padel-lima%E2%84%A2-ff/p/1042A144-001.html,asics.com
"
GEL-RESOLUTION™ 8 CLAY
",asics,"

140,00

",Mujer,https://www.asics.com/es/es-es/womens-shoes/c/as20200000/?sz=96&start=https://www.asics.com/es/es-es/gel-resolution%E2%84%A2-8-clay/p/1042A070-702.html,asics.com
"
GEL-PULSE™ 12
",asics,"

100,00

",Mujer,https://www.asics.com/es/es-es/womens-shoes/c/as20200000/?sz=96&start=https://www.asics.com/es/es-es/gel-pulse%E2%84%A2-12/p/1012A724-005.html,asics.com
"
GEL-CUMULUS™ 22
",asics,"

140,00

",Mujer,https://www.asics.com/es/es-es/womens-shoes/c/as20200000/?sz=96&start=https://www.asics.com/es/es-es/gel-cumulus%E2%84%A2-22/p/1012A741-022.html,asics.com
"
GT-2000™ 9 G-TX
",asics,"

160,00

",Mujer,https://www.asics.com/es/es-es/womens-shoes/c/as20200000/?sz=96&start=https://www.asics.com/es/es-es/gt-2000%E2%84%A2-9-g-tx/p/1012A866-001.html,asics.com
"
GELSAGA™ SOU
",asics,"

90,00

",Mujer,https://www.asics.com/es/es-es/womens-shoes/c/as20200000/?sz=96&start=https://www.asics.com/es/es-es/gelsaga%E2%84%A2-sou/p/1191A004-004.html,asics.com
"
GEL-LYTE III OG
",asics,"

130,00

",Mujer,https://www.asics.com/es/es-es/womens-shoes/c/as20200000/?sz=96&start=https://www.asics.com/es/es-es/gel-lyte-iii-og/p/1201A081-001.html,asics.com
"
CLASSIC CT™
",asics,"

60,00

",Mujer,https://www.asics.com/es/es-es/womens-shoes/c/as20200000/?sz=96&start=https://www.asics.com/es/es-es/classic-ct%E2%84%A2/p/1192A222-101.html,asics.com
"
GEL-NANDI™ OG
",asics,"

110,00

",Mujer,https://www.asics.com/es/es-es/womens-shoes/c/as20200000/?sz=96&start=https://www.asics.com/es/es-es/gel-nandi%E2%84%A2-og/p/1201A176-001.html,asics.com
"
METARACER™
",asics,"

200,00

",Mujer,https://www.asics.com/es/es-es/womens-shoes/c/as20200000/?sz=96&start=https://www.asics.com/es/es-es/metaracer%E2%84%A2/p/1012A580-700.html,asics.com
"
TARTHER™ OG
",asics,"

80,00

",Mujer,https://www.asics.com/es/es-es/womens-shoes/c/as20200000/?sz=96&start=https://www.asics.com/es/es-es/tarther%E2%84%A2-og/p/1201A167-300.html,asics.com
"
TARTHER™ BLAST
",asics,"

110,00

",Mujer,https://www.asics.com/es/es-es/womens-shoes/c/as20200000/?sz=96&start=https://www.asics.com/es/es-es/tarther%E2%84%A2-blast/p/1202A042-400.html,asics.com
"
GT-2000™ 9
",asics,"

140,00

",Mujer,https://www.asics.com/es/es-es/womens-shoes/c/as20200000/?sz=96&start=https://www.asics.com/es/es-es/gt-2000%E2%84%A2-9/p/1012B124-700.html,asics.com
"
FIELD ULTIMATE™ FF
",asics,"

130,00

",Mujer,https://www.asics.com/es/es-es/womens-shoes/c/as20200000/?sz=96&start=https://www.asics.com/es/es-es/field-ultimate%E2%84%A2-ff/p/1112A018-402.html,asics.com
"
HN1-S GEL-VENTURE™ 7
",asics,"

80,00

",Mujer,https://www.asics.com/es/es-es/womens-shoes/c/as20200000/?sz=96&start=https://www.asics.com/es/es-es/hn1-s-gel-venture%E2%84%A2-7/p/1201A195-300.html,asics.com
"
HN1-S GEL-VENTURE™ 7
",asics,"

80,00

",Mujer,https://www.asics.com/es/es-es/womens-shoes/c/as20200000/?sz=96&start=https://www.asics.com/es/es-es/hn1-s-gel-venture%E2%84%A2-7/p/1201A195-750.html,asics.com
"
GEL-DS TRAINER™ 26
",asics,"

140,00

",Mujer,https://www.asics.com/es/es-es/womens-shoes/c/as20200000/?sz=96&start=https://www.asics.com/es/es-es/gel-ds-trainer%E2%84%A2-26/p/1012B090-401.html,asics.com
"
SOLUTION SPEED™ FF 2
",asics,"

150,00

",Mujer,https://www.asics.com/es/es-es/womens-shoes/c/as20200000/?sz=96&start=https://www.asics.com/es/es-es/solution-speed%E2%84%A2-ff-2/p/1042A136-100.html,asics.com
"
COURT SPEED™ FF CLAY L.E.
",asics,"

120,00

",Mujer,https://www.asics.com/es/es-es/womens-shoes/c/as20200000/?sz=96&start=https://www.asics.com/es/es-es/court-speed%E2%84%A2-ff-clay-l.e./p/1042A146-100.html,asics.com
"
GEL-KAYANO™ TRAINER 21
",asics,"

180,00

",Mujer,https://www.asics.com/es/es-es/womens-shoes/c/as20200000/?sz=96&start=https://www.asics.com/es/es-es/gel-kayano%E2%84%A2-trainer-21/p/1201A067-001.html,asics.com
"
NOVABLAST™
",asics,"

140,00

",Mujer,https://www.asics.com/es/es-es/womens-shoes/c/as20200000/?sz=96&start=https://www.asics.com/es/es-es/novablast%E2%84%A2/p/1012A584-004.html,asics.com
"
LETHAL MP 7
",asics,"

90,00

",Mujer,https://www.asics.com/es/es-es/womens-shoes/c/as20200000/?sz=96&start=https://www.asics.com/es/es-es/lethal-mp-7/p/P666Y-401.html,asics.com
"
COURT SPEED™ FF L.E.
",asics,"

120,00

",Mujer,https://www.asics.com/es/es-es/womens-shoes/c/as20200000/?sz=96&start=https://www.asics.com/es/es-es/court-speed%E2%84%A2-ff-l.e./p/1042A145-100.html,asics.com
"
GEL-ESCALATE™
",asics,"

80,00

",Mujer,https://www.asics.com/es/es-es/womens-shoes/c/as20200000/?sz=96&start=https://www.asics.com/es/es-es/gel-escalate%E2%84%A2/p/1202A025-101.html,asics.com
"
METARIDE™
",asics,"

250,00

",Mujer,https://www.asics.com/es/es-es/womens-shoes/c/as20200000/?sz=96&start=https://www.asics.com/es/es-es/metaride%E2%84%A2/p/1012A130-001.html,asics.com
"
JAPAN S™
",asics,"

70,00

",Mujer,https://www.asics.com/es/es-es/womens-shoes/c/as20200000/?sz=96&start=https://www.asics.com/es/es-es/japan-s%E2%84%A2/p/1201A173-102.html,asics.com
"
GEL-CUMULUS™ 22 G-TX
",asics,"

150,00

",Mujer,https://www.asics.com/es/es-es/womens-shoes/c/as20200000/?sz=96&start=https://www.asics.com/es/es-es/gel-cumulus%E2%84%A2-22-g-tx/p/1012A769-020.html,asics.com
"
JAPAN S™
",asics,"

70,00

",Mujer,https://www.asics.com/es/es-es/womens-shoes/c/as20200000/?sz=96&start=https://www.asics.com/es/es-es/japan-s%E2%84%A2/p/1202A065-101.html,asics.com
"
GEL-RESOLUTION™ 8 CLAY
",asics,"

140,00

",Mujer,https://www.asics.com/es/es-es/womens-shoes/c/as20200000/?sz=96&start=https://www.asics.com/es/es-es/gel-resolution%E2%84%A2-8-clay/p/1042A070-101.html,asics.com
"
COURT SPEED™ FF
",asics,"

120,00

",Mujer,https://www.asics.com/es/es-es/womens-shoes/c/as20200000/?sz=96&start=https://www.asics.com/es/es-es/court-speed%E2%84%A2-ff/p/1042A080-401.html,asics.com
"
GEL-LYTE™III OG
",asics,"

130,00

",Mujer,https://www.asics.com/es/es-es/womens-shoes/c/as20200000/?sz=96&start=https://www.asics.com/es/es-es/gel-lyte%E2%84%A2iii-og/p/1201A180-300.html,asics.com
"
GEL-NANDI™ 360
",asics,"

170,00

",Mujer,https://www.asics.com/es/es-es/womens-shoes/c/as20200000/?sz=96&start=https://www.asics.com/es/es-es/gel-nandi%E2%84%A2-360/p/1201A214-100.html,asics.com
"
GEL-ODYSSEY™
",asics,"

100,00

",Mujer,https://www.asics.com/es/es-es/womens-shoes/c/as20200000/?sz=96&start=https://www.asics.com/es/es-es/gel-odyssey%E2%84%A2/p/1132A032-001.html,asics.com
"
SKYCOURT™
",asics,"

85,00

",Mujer,https://www.asics.com/es/es-es/womens-shoes/c/as20200000/?sz=96&start=https://www.asics.com/es/es-es/skycourt%E2%84%A2/p/1202A066-101.html,asics.com
"
JAPAN S™
",asics,"

70,00

",Mujer,https://www.asics.com/es/es-es/womens-shoes/c/as20200000/?sz=96&start=https://www.asics.com/es/es-es/japan-s%E2%84%A2/p/1202A117-001.html,asics.com
"
BLAST FF™ 2
",asics,"

140,00

",Mujer,https://www.asics.com/es/es-es/womens-shoes/c/as20200000/?sz=96&start=https://www.asics.com/es/es-es/blast-ff%E2%84%A2-2/p/1072A046-102.html,asics.com
"
JAPAN S™
",asics,"

70,00

",Mujer,https://www.asics.com/es/es-es/womens-shoes/c/as20200000/?sz=96&start=https://www.asics.com/es/es-es/japan-s%E2%84%A2/p/1202A118-100.html,asics.com
"
GEL-PADEL™ EXCLUSIVE 6
",asics,"

90,00

",Mujer,https://www.asics.com/es/es-es/womens-shoes/c/as20200000/?sz=96&start=https://www.asics.com/es/es-es/gel-padel%E2%84%A2-exclusive-6/p/1042A143-002.html,asics.com
"
GEL-PADEL™ PRO 4
",asics,"

70,00

",Mujer,https://www.asics.com/es/es-es/womens-shoes/c/as20200000/?sz=96&start=https://www.asics.com/es/es-es/gel-padel%E2%84%A2-pro-4/p/1042A111-001.html,asics.com
"
SOLUTION SPEED™ FF 2 CLAY L.E.
",asics,"

150,00

",Mujer,https://www.asics.com/es/es-es/womens-shoes/c/as20200000/?sz=96&start=https://www.asics.com/es/es-es/solution-speed%E2%84%A2-ff-2-clay-l.e./p/1042A140-100.html,asics.com
"
METARUN
",asics,"

250,00

",Mujer,https://www.asics.com/es/es-es/womens-shoes/c/as20200000/?sz=96&start=https://www.asics.com/es/es-es/metarun/p/1012A167-020.html,asics.com
"
GEL-PADEL™ PRO 4
",asics,"

70,00

",Mujer,https://www.asics.com/es/es-es/womens-shoes/c/as20200000/?sz=96&start=https://www.asics.com/es/es-es/gel-padel%E2%84%A2-pro-4/p/1042A111-404.html,asics.com
"
GT-2000™ 9
",asics,"

140,00

",Mujer,https://www.asics.com/es/es-es/womens-shoes/c/as20200000/?sz=96&start=https://www.asics.com/es/es-es/gt-2000%E2%84%A2-9/p/1012A859-400.html,asics.com
"
GEL-LYTE™ III OG
",asics,"

120,00

",Mujer,https://www.asics.com/es/es-es/womens-shoes/c/as20200000/?sz=96&start=https://www.asics.com/es/es-es/gel-lyte%E2%84%A2-iii-og/p/1201A052-700.html,asics.com
"
GEL-PRELEUS™
",asics,"

110,00

",Mujer,https://www.asics.com/es/es-es/womens-shoes/c/as20200000/?sz=96&start=https://www.asics.com/es/es-es/gel-preleus%E2%84%A2/p/1202A109-300.html,asics.com
"
LYTE CLASSIC™
",asics,"

80,00

",Mujer,https://www.asics.com/es/es-es/womens-shoes/c/as20200000/?sz=96&start=https://www.asics.com/es/es-es/lyte-classic%E2%84%A2/p/1202A112-101.html,asics.com
"
TIGER RUNNER™
",asics,"

65,00

",Mujer,https://www.asics.com/es/es-es/womens-shoes/c/as20200000/?sz=96&start=https://www.asics.com/es/es-es/tiger-runner%E2%84%A2/p/1192A190-101.html,asics.com
"
JAPAN S™
",asics,"

70,00

",Mujer,https://www.asics.com/es/es-es/womens-shoes/c/as20200000/?sz=96&start=https://www.asics.com/es/es-es/japan-s%E2%84%A2/p/1202A065-100.html,asics.com
"
JAPAN S™
",asics,"

70,00

",Mujer,https://www.asics.com/es/es-es/womens-shoes/c/as20200000/?sz=96&start=https://www.asics.com/es/es-es/japan-s%E2%84%A2/p/1201A107-001.html,asics.com
"
GEL-KYRIOS™
",asics,"

140,00

",Mujer,https://www.asics.com/es/es-es/womens-shoes/c/as20200000/?sz=96&start=https://www.asics.com/es/es-es/gel-kyrios%E2%84%A2/p/1021A335-020.html,asics.com
"
GEL-QUANTUM 90™
",asics,"

100,00

",Mujer,https://www.asics.com/es/es-es/womens-shoes/c/as20200000/?sz=96&start=https://www.asics.com/es/es-es/gel-quantum-90%E2%84%A2/p/1202A040-028.html,asics.com
"
TARTHER™ BLAST
",asics,"

110,00

",Mujer,https://www.asics.com/es/es-es/womens-shoes/c/as20200000/?sz=96&start=https://www.asics.com/es/es-es/tarther%E2%84%A2-blast/p/1202A042-101.html,asics.com
"
SOLUTION SPEED™ FF 2 CLAY
",asics,"

150,00

",Mujer,https://www.asics.com/es/es-es/womens-shoes/c/as20200000/?sz=96&start=https://www.asics.com/es/es-es/solution-speed%E2%84%A2-ff-2-clay/p/1042A134-100.html,asics.com
"
COURT FF™ 2
",asics,"

180,00

",Mujer,https://www.asics.com/es/es-es/womens-shoes/c/as20200000/?sz=96&start=https://www.asics.com/es/es-es/court-ff%E2%84%A2-2/p/1042A076-021.html,asics.com
"
GEL-CHALLENGER™ 12
",asics,"

100,00

",Mujer,https://www.asics.com/es/es-es/womens-shoes/c/as20200000/?sz=96&start=https://www.asics.com/es/es-es/gel-challenger%E2%84%A2-12/p/1042A041-021.html,asics.com
"
GEL-1090™
",asics,"

100,00

",Mujer,https://www.asics.com/es/es-es/womens-shoes/c/as20200000/?sz=96&start=https://www.asics.com/es/es-es/gel-1090%E2%84%A2/p/1202A130-400.html,asics.com
"
GEL-RESOLUTION™ 8 CLAY
",asics,"

140,00

",Mujer,https://www.asics.com/es/es-es/womens-shoes/c/as20200000/?sz=96&start=https://www.asics.com/es/es-es/gel-resolution%E2%84%A2-8-clay/p/1042A070-403.html,asics.com
"
JAPAN S™
",asics,"

70,00

",Mujer,https://www.asics.com/es/es-es/womens-shoes/c/as20200000/?sz=96&start=https://www.asics.com/es/es-es/japan-s%E2%84%A2/p/1202A118-101.html,asics.com
"
GEL-CHALLENGER™ 12 CLAY
",asics,"

100,00

",Mujer,https://www.asics.com/es/es-es/womens-shoes/c/as20200000/?sz=96&start=https://www.asics.com/es/es-es/gel-challenger%E2%84%A2-12-clay/p/1042A039-021.html,asics.com
"
GLIDERIDE™ 2 NEW STRONG
",asics,"

160,00

",Mujer,https://www.asics.com/es/es-es/womens-shoes/c/as20200000/?sz=96&start=https://www.asics.com/es/es-es/glideride%E2%84%A2-2-new-strong/p/1012B002-101.html,asics.com
"
GEL-TASK™ MT 2
",asics,"

90,00

",Mujer,https://www.asics.com/es/es-es/womens-shoes/c/as20200000/?sz=96&start=https://www.asics.com/es/es-es/gel-task%E2%84%A2-mt-2/p/1072A037-103.html,asics.com
"
GEL-1090™
",asics,"

100,00

",Mujer,https://www.asics.com/es/es-es/womens-shoes/c/as20200000/?sz=96&start=https://www.asics.com/es/es-es/gel-1090%E2%84%A2/p/1202A059-200.html,asics.com
"
GEL-TASK™ 2
",asics,"

80,00

",Mujer,https://www.asics.com/es/es-es/womens-shoes/c/as20200000/?sz=96&start=https://www.asics.com/es/es-es/gel-task%E2%84%A2-2/p/1072A038-403.html,asics.com
"
SOLUTION SPEED™ FF 2
",asics,"

150,00

",Mujer,https://www.asics.com/es/es-es/womens-shoes/c/as20200000/?sz=96&start=https://www.asics.com/es/es-es/solution-speed%E2%84%A2-ff-2/p/1042A136-400.html,asics.com
"
GEL-PRELEUS™
",asics,"

110,00

",Mujer,https://www.asics.com/es/es-es/womens-shoes/c/as20200000/?sz=96&start=https://www.asics.com/es/es-es/gel-preleus%E2%84%A2/p/1202A061-300.html,asics.com
"
NOVABLAST™
",asics,"

140,00

",Mujer,https://www.asics.com/es/es-es/womens-shoes/c/as20200000/?sz=96&start=https://www.asics.com/es/es-es/novablast%E2%84%A2/p/1012A584-401.html,asics.com
"
COURT FF™ 2 CLAY
",asics,"

180,00

",Mujer,https://www.asics.com/es/es-es/womens-shoes/c/as20200000/?sz=96&start=https://www.asics.com/es/es-es/court-ff%E2%84%A2-2-clay/p/1042A075-021.html,asics.com
"
METARIDE™
",asics,"

250,00

",Mujer,https://www.asics.com/es/es-es/womens-shoes/c/as20200000/?sz=96&start=https://www.asics.com/es/es-es/metaride%E2%84%A2/p/1012A843-021.html,asics.com
"
GEL-COURT HUNTER™ 2
",asics,"

80,00

",Mujer,https://www.asics.com/es/es-es/womens-shoes/c/as20200000/?sz=96&start=https://www.asics.com/es/es-es/gel-court-hunter%E2%84%A2-2/p/1072A065-401.html,asics.com
"
GEL-RESOLUTION™ 8
",asics,"

140,00

",Mujer,https://www.asics.com/es/es-es/womens-shoes/c/as20200000/?sz=96&start=https://www.asics.com/es/es-es/gel-resolution%E2%84%A2-8/p/1042A072-702.html,asics.com
"
GEL-BLADE™ 7
",asics,"

110,00

",Mujer,https://www.asics.com/es/es-es/womens-shoes/c/as20200000/?sz=96&start=https://www.asics.com/es/es-es/gel-blade%E2%84%A2-7/p/1072A032-402.html,asics.com
"
SOLUTION SPEED™ FF 2 CLAY
",asics,"

150,00

",Mujer,https://www.asics.com/es/es-es/womens-shoes/c/as20200000/?sz=96&start=https://www.asics.com/es/es-es/solution-speed%E2%84%A2-ff-2-clay/p/1042A134-400.html,asics.com
"
TIGER RUNNER™
",asics,"

60,00

",Mujer,https://www.asics.com/es/es-es/womens-shoes/c/as20200000/?sz=96&start=https://www.asics.com/es/es-es/tiger-runner%E2%84%A2/p/1202A070-020.html,asics.com
"
GEL-TASK™ MT 2
",asics,"

90,00

",Mujer,https://www.asics.com/es/es-es/womens-shoes/c/as20200000/?sz=96&start=https://www.asics.com/es/es-es/gel-task%E2%84%A2-mt-2/p/1072A037-403.html,asics.com
"
GEL-LYTE™III OG
",asics,"

130,00

",Mujer,https://www.asics.com/es/es-es/womens-shoes/c/as20200000/?sz=96&start=https://www.asics.com/es/es-es/gel-lyte%E2%84%A2iii-og/p/1201A180-600.html,asics.com
"
GEL-1090™
",asics,"

100,00

",Mujer,https://www.asics.com/es/es-es/womens-shoes/c/as20200000/?sz=96&start=https://www.asics.com/es/es-es/gel-1090%E2%84%A2/p/1201A203-100.html,asics.com
"
TARTHER™ BLAST
",asics,"

110,00

",Mujer,https://www.asics.com/es/es-es/womens-shoes/c/as20200000/?sz=96&start=https://www.asics.com/es/es-es/tarther%E2%84%A2-blast/p/1202A042-008.html,asics.com
"
TARTHER™ OG
",asics,"

80,00

",Mujer,https://www.asics.com/es/es-es/womens-shoes/c/as20200000/?sz=96&start=https://www.asics.com/es/es-es/tarther%E2%84%A2-og/p/1202A108-750.html,asics.com
"
GEL-RESOLUTION™ 8
",asics,"

140,00

",Mujer,https://www.asics.com/es/es-es/womens-shoes/c/as20200000/?sz=96&start=https://www.asics.com/es/es-es/gel-resolution%E2%84%A2-8/p/1042A072-403.html,asics.com
"
JAPAN S™
",asics,"

70,00

",Mujer,https://www.asics.com/es/es-es/womens-shoes/c/as20200000/?sz=96&start=https://www.asics.com/es/es-es/japan-s%E2%84%A2/p/1202A117-200.html,asics.com
"
METARUN™
",asics,"

250,00

",Mujer,https://www.asics.com/es/es-es/womens-shoes/c/as20200000/?sz=96&start=https://www.asics.com/es/es-es/metarun%E2%84%A2/p/1012A513-002.html,asics.com
"
GEL-NANDI™ OG
",asics,"

110,00

",Mujer,https://www.asics.com/es/es-es/womens-shoes/c/as20200000/?sz=96&start=https://www.asics.com/es/es-es/gel-nandi%E2%84%A2-og/p/1201A176-200.html,asics.com
"
GEL-KYRIOS™
",asics,"

140,00

",Mujer,https://www.asics.com/es/es-es/womens-shoes/c/as20200000/?sz=96&start=https://www.asics.com/es/es-es/gel-kyrios%E2%84%A2/p/1021A335-001.html,asics.com
"
GEL-KAYANO™ 27
",asics,"

180,00

",Mujer,https://www.asics.com/es/es-es/womens-shoes/c/as20200000/?sz=96&start=https://www.asics.com/es/es-es/gel-kayano%E2%84%A2-27/p/1012A649-402.html,asics.com
"
GEL-KAYANO™ 14
",asics,"

150,00

",Mujer,https://www.asics.com/es/es-es/womens-shoes/c/as20200000/?sz=96&start=https://www.asics.com/es/es-es/gel-kayano%E2%84%A2-14/p/1201A161-020.html,asics.com
"
GEL-RESOLUTION™ 8
",asics,"

140,00

",Mujer,https://www.asics.com/es/es-es/womens-shoes/c/as20200000/?sz=96&start=https://www.asics.com/es/es-es/gel-resolution%E2%84%A2-8/p/1042A072-101.html,asics.com
"
GEL-RESOLUTION™ 8 TOKYO
",asics,"

140,00

",Mujer,https://www.asics.com/es/es-es/womens-shoes/c/as20200000/?sz=96&start=https://www.asics.com/es/es-es/gel-resolution%E2%84%A2-8-tokyo/p/1042A131-701.html,asics.com
"
HYPER LD™ 6
",asics,"

75,00

",Mujer,https://www.asics.com/es/es-es/womens-shoes/c/as20200000/?sz=96&start=https://www.asics.com/es/es-es/hyper-ld%E2%84%A2-6/p/1091A019-701.html,asics.com
"
TIGER RUNNER™
",asics,"

65,00

",Mujer,https://www.asics.com/es/es-es/womens-shoes/c/as20200000/?sz=96&start=https://www.asics.com/es/es-es/tiger-runner%E2%84%A2/p/1192A190-100.html,asics.com
"
SKYCOURT™ NEW STRONG™
",asics,"

85,00

",Mujer,https://www.asics.com/es/es-es/womens-shoes/c/as20200000/?sz=96&start=https://www.asics.com/es/es-es/skycourt%E2%84%A2-new-strong%E2%84%A2/p/1202A133-100.html,asics.com
"
NETBURNER PROFESSIONAL™ FF 2
",asics,"

150,00

",Mujer,https://www.asics.com/es/es-es/womens-shoes/c/as20200000/?sz=96&start=https://www.asics.com/es/es-es/netburner-professional%E2%84%A2-ff-2/p/1072A036-400.html,asics.com
"
GEL-QUANTUM 360™ 6
",asics,"

170,00

",Mujer,https://www.asics.com/es/es-es/womens-shoes/c/as20200000/?sz=96&start=https://www.asics.com/es/es-es/gel-quantum-360%E2%84%A2-6/p/1202A038-028.html,asics.com
"
GEL-KAYANO™ TRAINER 21
",asics,"

180,00

",Mujer,https://www.asics.com/es/es-es/womens-shoes/c/as20200000/?sz=96&start=https://www.asics.com/es/es-es/gel-kayano%E2%84%A2-trainer-21/p/1201A067-201.html,asics.com
"
NETBURNER BALLISTIC™ FF MT 2
",asics,"

140,00

",Mujer,https://www.asics.com/es/es-es/womens-shoes/c/as20200000/?sz=96&start=https://www.asics.com/es/es-es/netburner-ballistic%E2%84%A2-ff-mt-2/p/1052A034-404.html,asics.com
"
GEL-RESOLUTION™ 8 CLAY TOKYO
",asics,"

140,00

",Mujer,https://www.asics.com/es/es-es/womens-shoes/c/as20200000/?sz=96&start=https://www.asics.com/es/es-es/gel-resolution%E2%84%A2-8-clay-tokyo/p/1042A133-701.html,asics.com
"
LYTE CLASSIC™
",asics,"

80,00

",Mujer,https://www.asics.com/es/es-es/womens-shoes/c/as20200000/?sz=96&start=https://www.asics.com/es/es-es/lyte-classic%E2%84%A2/p/1202A074-300.html,asics.com
"
TARTHER™ OG
",asics,"

80,00

",Mujer,https://www.asics.com/es/es-es/womens-shoes/c/as20200000/?sz=96&start=https://www.asics.com/es/es-es/tarther%E2%84%A2-og/p/1202A108-100.html,asics.com
"
GEL-NANDI™ OG
",asics,"

100,00

",Mujer,https://www.asics.com/es/es-es/womens-shoes/c/as20200000/?sz=96&start=https://www.asics.com/es/es-es/gel-nandi%E2%84%A2-og/p/1022A241-001.html,asics.com
"
METARIDE™
",asics,"

250,00

",Mujer,https://www.asics.com/es/es-es/womens-shoes/c/as20200000/?sz=96&start=https://www.asics.com/es/es-es/metaride%E2%84%A2/p/1012A130-100.html,asics.com
"
GEL-QUANTUM 180™ 6 DIGITAL JAPAN
",asics,"

140,00

",Mujer,https://www.asics.com/es/es-es/womens-shoes/c/as20200000/?sz=96&start=https://www.asics.com/es/es-es/gel-quantum-180%E2%84%A2-6-digital-japan/p/1202A124-400.html,asics.com
"
METARUN™
",asics,"

250,00

",Mujer,https://www.asics.com/es/es-es/womens-shoes/c/as20200000/?sz=96&start=https://www.asics.com/es/es-es/metarun%E2%84%A2/p/1012A513-001.html,asics.com
"
GEL-BEYOND™ 6
",asics,"

110,00

",Mujer,https://www.asics.com/es/es-es/womens-shoes/c/as20200000/?sz=96&start=https://www.asics.com/es/es-es/gel-beyond%E2%84%A2-6/p/1072A052-401.html,asics.com
"
NETBURNER BALLISTIC™ FF 2
",asics,"

130,00

",Mujer,https://www.asics.com/es/es-es/womens-shoes/c/as20200000/?sz=96&start=https://www.asics.com/es/es-es/netburner-ballistic%E2%84%A2-ff-2/p/1052A033-404.html,asics.com
"
NETBURNER™ ACADEMY 8
",asics,"

110,00

",Mujer,https://www.asics.com/es/es-es/womens-shoes/c/as20200000/?sz=96&start=https://www.asics.com/es/es-es/netburner%E2%84%A2-academy-8/p/1072A017-432.html,asics.com
"
GEL-VENTURE™ 8
",asics,"

70,00

",Mujer,https://www.asics.com/es/es-es/womens-shoes/c/as20200000/?sz=96&start=https://www.asics.com/es/es-es/gel-venture%E2%84%A2-8/p/1012A708-020.html,asics.com
"
GEL-Trabuco™ Terra
",asics,"

110,00

",Mujer,https://www.asics.com/es/es-es/womens-shoes/c/as20200000/?sz=96&start=https://www.asics.com/es/es-es/gel-trabuco%E2%84%A2-terra/p/1012A902-001.html,asics.com
"
COSMORACER™ LD 2
",asics,"

130,00

",Mujer,https://www.asics.com/es/es-es/womens-shoes/c/as20200000/?sz=96&start=https://www.asics.com/es/es-es/cosmoracer%E2%84%A2-ld-2/p/1093A030-701.html,asics.com
"
COSMORACER™ MD 2
",asics,"

130,00

",Mujer,https://www.asics.com/es/es-es/womens-shoes/c/as20200000/?sz=96&start=https://www.asics.com/es/es-es/cosmoracer%E2%84%A2-md-2/p/1093A029-701.html,asics.com
"
GEL-PEAKE™
",asics,"

100,00

",Mujer,https://www.asics.com/es/es-es/womens-shoes/c/as20200000/?sz=96&start=https://www.asics.com/es/es-es/gel-peake%E2%84%A2/p/1112A037-300.html,asics.com
"
GT-1000™ 10
",asics,"

120,00

",Mujer,https://www.asics.com/es/es-es/womens-shoes/c/as20200000/?sz=96&start=https://www.asics.com/es/es-es/gt-1000%E2%84%A2-10/p/1012A878-004.html,asics.com
"
GEL-1090™
",asics,"

100,00

",Mujer,https://www.asics.com/es/es-es/womens-shoes/c/as20200000/?sz=96&start=https://www.asics.com/es/es-es/gel-1090%E2%84%A2/p/1201A082-020.html,asics.com
"
NETBURNER SUPER™ FF
",asics,"

140,00

",Mujer,https://www.asics.com/es/es-es/womens-shoes/c/as20200000/?sz=96&start=https://www.asics.com/es/es-es/netburner-super%E2%84%A2-ff/p/1072A014-500.html,asics.com
"
JAPAN S™
",asics,"

70,00

",Mujer,https://www.asics.com/es/es-es/womens-shoes/c/as20200000/?sz=96&start=https://www.asics.com/es/es-es/japan-s%E2%84%A2/p/1201A107-020.html,asics.com
"
METARIDE™
",asics,"

250,00

",Mujer,https://www.asics.com/es/es-es/womens-shoes/c/as20200000/?sz=96&start=https://www.asics.com/es/es-es/metaride%E2%84%A2/p/1012A130-400.html,asics.com
"
GEL-KAYANO™ 27
",asics,"

180,00

",Mujer,https://www.asics.com/es/es-es/womens-shoes/c/as20200000/?sz=96&start=https://www.asics.com/es/es-es/gel-kayano%E2%84%A2-27/p/1012A649-403.html,asics.com
"
GEL-KAYANO™ 14
",asics,"

150,00

",Mujer,https://www.asics.com/es/es-es/womens-shoes/c/as20200000/?sz=96&start=https://www.asics.com/es/es-es/gel-kayano%E2%84%A2-14/p/1202A127-400.html,asics.com
"
GEL-TACTIC™
",asics,"

100,00

",Mujer,https://www.asics.com/es/es-es/womens-shoes/c/as20200000/?sz=96&start=https://www.asics.com/es/es-es/gel-tactic%E2%84%A2/p/1072A035-501.html,asics.com
"
GEL-PEAKE™
",asics,"

100,00

",Mujer,https://www.asics.com/es/es-es/womens-shoes/c/as20200000/?sz=96&start=https://www.asics.com/es/es-es/gel-peake%E2%84%A2/p/1113A023-400.html,asics.com
"
GEL-1090™
",asics,"

100,00

",Mujer,https://www.asics.com/es/es-es/womens-shoes/c/as20200000/?sz=96&start=https://www.asics.com/es/es-es/gel-1090%E2%84%A2/p/1021A275-101.html,asics.com
"
GELSAGA™ SOU
",asics,"

90,00

",Mujer,https://www.asics.com/es/es-es/womens-shoes/c/as20200000/?sz=96&start=https://www.asics.com/es/es-es/gelsaga%E2%84%A2-sou/p/1191A004-101.html,asics.com
"
LYTE CLASSIC™
",asics,"

80,00

",Mujer,https://www.asics.com/es/es-es/womens-shoes/c/as20200000/?sz=96&start=https://www.asics.com/es/es-es/lyte-classic%E2%84%A2/p/1202A074-021.html,asics.com
"
GEL-NANDI™ OG
",asics,"

100,00

",Mujer,https://www.asics.com/es/es-es/womens-shoes/c/as20200000/?sz=96&start=https://www.asics.com/es/es-es/gel-nandi%E2%84%A2-og/p/1202A120-200.html,asics.com
"
SKY ELITE™ FF
",asics,"

150,00

",Mujer,https://www.asics.com/es/es-es/womens-shoes/c/as20200000/?sz=96&start=https://www.asics.com/es/es-es/sky-elite%E2%84%A2-ff/p/1052A024-103.html,asics.com
"
METASPRINT™ TOKYO
",asics,"

300,00

",Mujer,https://www.asics.com/es/es-es/womens-shoes/c/as20200000/?sz=96&start=https://www.asics.com/es/es-es/metasprint%E2%84%A2-tokyo/p/1093A039-701.html,asics.com
"
ROADBLAST™
",asics,"

100,00

",Mujer,https://www.asics.com/es/es-es/womens-shoes/c/as20200000/?sz=96&start=https://www.asics.com/es/es-es/roadblast%E2%84%A2/p/1012A832-020.html,asics.com
"
GEL-LYTE III OG
",asics,"

130,00

",Mujer,https://www.asics.com/es/es-es/womens-shoes/c/as20200000/?sz=96&start=https://www.asics.com/es/es-es/gel-lyte-iii-og/p/1202A236-206.html,asics.com
"
GEL-NIMBUS™ 23
",asics,"

180,00

",Mujer,https://www.asics.com/es/es-es/womens-shoes/c/as20200000/?sz=96&start=https://www.asics.com/es/es-es/gel-nimbus%E2%84%A2-23/p/1012A885-003.html,asics.com
"
GEL-KAYANO™ 14
",asics,"

150,00

",Mujer,https://www.asics.com/es/es-es/womens-shoes/c/as20200000/?sz=96&start=https://www.asics.com/es/es-es/gel-kayano%E2%84%A2-14/p/1201A019-102.html,asics.com
"
METARUN™
",asics,"

250,00

",Mujer,https://www.asics.com/es/es-es/womens-shoes/c/as20200000/?sz=96&start=https://www.asics.com/es/es-es/metarun%E2%84%A2/p/1012A513-600.html,asics.com
"
GEL-QUANTUM 180™ 6
",asics,"

140,00

",Mujer,https://www.asics.com/es/es-es/womens-shoes/c/as20200000/?sz=96&start=https://www.asics.com/es/es-es/gel-quantum-180%E2%84%A2-6/p/1202A039-028.html,asics.com
"
JAPAN S™ NEW STRONG™
",asics,"

80,00

",Mujer,https://www.asics.com/es/es-es/womens-shoes/c/as20200000/?sz=96&start=https://www.asics.com/es/es-es/japan-s%E2%84%A2-new-strong%E2%84%A2/p/1202A138-100.html,asics.com
"
MATFLEX™ 6 GS
",asics,"

55,00

",Mujer,https://www.asics.com/es/es-es/womens-shoes/c/as20200000/?sz=96&start=https://www.asics.com/es/es-es/matflex%E2%84%A2-6-gs/p/1084A007-002.html,asics.com
"
GEL-CUMULUS™ 22 TOKYO
",asics,"

140,00

",Mujer,https://www.asics.com/es/es-es/womens-shoes/c/as20200000/?sz=96&start=https://www.asics.com/es/es-es/gel-cumulus%E2%84%A2-22-tokyo/p/1012A949-600.html,asics.com
"
SKY ELITE™ FF
",asics,"

150,00

",Mujer,https://www.asics.com/es/es-es/womens-shoes/c/as20200000/?sz=96&start=https://www.asics.com/es/es-es/sky-elite%E2%84%A2-ff/p/1052A024-400.html,asics.com
"
HI JUMP PRO™ 2 L
",asics,"

150,00

",Mujer,https://www.asics.com/es/es-es/womens-shoes/c/as20200000/?sz=96&start=https://www.asics.com/es/es-es/hi-jump-pro%E2%84%A2-2-l/p/1093A043-701.html,asics.com
"
GEL-1090™
",asics,"

120,00

",Mujer,https://www.asics.com/es/es-es/womens-shoes/c/as20200000/?sz=96&start=https://www.asics.com/es/es-es/gel-1090%E2%84%A2/p/1203A080-001.html,asics.com
"
GEL-1090™
",asics,"

100,00

",Mujer,https://www.asics.com/es/es-es/womens-shoes/c/as20200000/?sz=96&start=https://www.asics.com/es/es-es/gel-1090%E2%84%A2/p/1021A275-001.html,asics.com
"
GEL-KAYANO™ 14
",asics,"

140,00

",Mujer,https://www.asics.com/es/es-es/womens-shoes/c/as20200000/?sz=96&start=https://www.asics.com/es/es-es/gel-kayano%E2%84%A2-14/p/1202A105-101.html,asics.com
"
GEL-CUMULUS™ 22
",asics,"

140,00

",Mujer,https://www.asics.com/es/es-es/womens-shoes/c/as20200000/?sz=96&start=https://www.asics.com/es/es-es/gel-cumulus%E2%84%A2-22/p/1012A741-002.html,asics.com
"
METARUN™
",asics,"

250,00

",Mujer,https://www.asics.com/es/es-es/womens-shoes/c/as20200000/?sz=96&start=https://www.asics.com/es/es-es/metarun%E2%84%A2/p/1012A513-400.html,asics.com
"
GEL-NOOSA TRI™ 12
",asics,"

140,00

",Mujer,https://www.asics.com/es/es-es/womens-shoes/c/as20200000/?sz=96&start=https://www.asics.com/es/es-es/gel-noosa-tri%E2%84%A2-12/p/1012B125-753.html,asics.com
"
ROADBLAST™ TOKYO
",asics,"

100,00

",Mujer,https://www.asics.com/es/es-es/womens-shoes/c/as20200000/?sz=96&start=https://www.asics.com/es/es-es/roadblast%E2%84%A2-tokyo/p/1012A942-600.html,asics.com
"
GEL-KAYANO™ 27
",asics,"

180,00

",Mujer,https://www.asics.com/es/es-es/womens-shoes/c/as20200000/?sz=96&start=https://www.asics.com/es/es-es/gel-kayano%E2%84%A2-27/p/1012A649-002.html,asics.com
"
GEL-1090™
",asics,"

100,00

",Mujer,https://www.asics.com/es/es-es/womens-shoes/c/as20200000/?sz=96&start=https://www.asics.com/es/es-es/gel-1090%E2%84%A2/p/1202A157-001.html,asics.com
"
GEL-FUJITRABUCO™ SKY
",asics,"

150,00

",Mujer,https://www.asics.com/es/es-es/womens-shoes/c/as20200000/?sz=96&start=https://www.asics.com/es/es-es/gel-fujitrabuco%E2%84%A2-sky/p/1012A770-500.html,asics.com
"
METARUN
",asics,"

250,00

",Mujer,https://www.asics.com/es/es-es/womens-shoes/c/as20200000/?sz=96&start=https://www.asics.com/es/es-es/metarun/p/T8C9N-0101.html,asics.com
"
GEL-1090™
",asics,"

120,00

",Mujer,https://www.asics.com/es/es-es/womens-shoes/c/as20200000/?sz=96&start=https://www.asics.com/es/es-es/gel-1090%E2%84%A2/p/1203A080-300.html,asics.com
"
HI JUMP PRO™ 2 R
",asics,"

150,00

",Mujer,https://www.asics.com/es/es-es/womens-shoes/c/as20200000/?sz=96&start=https://www.asics.com/es/es-es/hi-jump-pro%E2%84%A2-2-r/p/1093A044-701.html,asics.com
"
GEL-Trabuco™ 9
",asics,"

140,00

",Mujer,https://www.asics.com/es/es-es/womens-shoes/c/as20200000/?sz=96&start=https://www.asics.com/es/es-es/gel-trabuco%E2%84%A2-9/p/1012A904-002.html,asics.com
"
GT-2000™ 9 LITE-SHOW™
",asics,"

150,00

",Mujer,https://www.asics.com/es/es-es/womens-shoes/c/as20200000/?sz=96&start=https://www.asics.com/es/es-es/gt-2000%E2%84%A2-9-lite-show%E2%84%A2/p/1012B004-400.html,asics.com
"
JB ELITE™ IV
",asics,"

110,00

",Mujer,https://www.asics.com/es/es-es/womens-shoes/c/as20200000/?sz=96&start=https://www.asics.com/es/es-es/jb-elite%E2%84%A2-iv/p/1081A016-002.html,asics.com
"
GT-2000™ 9
",asics,"

140,00

",Mujer,https://www.asics.com/es/es-es/womens-shoes/c/as20200000/?sz=96&start=https://www.asics.com/es/es-es/gt-2000%E2%84%A2-9/p/1012A859-402.html,asics.com
"
HYPER™ MD 7
",asics,"

75,00

",Mujer,https://www.asics.com/es/es-es/womens-shoes/c/as20200000/?sz=96&start=https://www.asics.com/es/es-es/hyper%E2%84%A2-md-7/p/1091A018-701.html,asics.com
"
GT-2000™ 9 TRAIL
",asics,"

140,00

",Mujer,https://www.asics.com/es/es-es/womens-shoes/c/as20200000/?sz=96&start=https://www.asics.com/es/es-es/gt-2000%E2%84%A2-9-trail/p/1012A919-001.html,asics.com
"
MATCONTROL™ 2
",asics,"

90,00

",Mujer,https://www.asics.com/es/es-es/womens-shoes/c/as20200000/?sz=96&start=https://www.asics.com/es/es-es/matcontrol%E2%84%A2-2/p/1081A029-001.html,asics.com
"
SNAPDOWN™ 3
",asics,"

85,00

",Mujer,https://www.asics.com/es/es-es/womens-shoes/c/as20200000/?sz=96&start=https://www.asics.com/es/es-es/snapdown%E2%84%A2-3/p/1081A030-020.html,asics.com
"
GEL-PULSE™ 12
",asics,"

100,00

",Mujer,https://www.asics.com/es/es-es/womens-shoes/c/as20200000/?sz=96&start=https://www.asics.com/es/es-es/gel-pulse%E2%84%A2-12/p/1012A724-001.html,asics.com
"
COURT FF™ 2
",asics,"

180,00

",Mujer,https://www.asics.com/es/es-es/womens-shoes/c/as20200000/?sz=96&start=https://www.asics.com/es/es-es/court-ff%E2%84%A2-2/p/1042A076-300.html,asics.com
"
COURT FF™ 2 CLAY
",asics,"

180,00

",Mujer,https://www.asics.com/es/es-es/womens-shoes/c/as20200000/?sz=96&start=https://www.asics.com/es/es-es/court-ff%E2%84%A2-2-clay/p/1042A075-300.html,asics.com
"
NOVABLAST™
",asics,"

140,00

",Mujer,https://www.asics.com/es/es-es/womens-shoes/c/as20200000/?sz=96&start=https://www.asics.com/es/es-es/novablast%E2%84%A2/p/1012B089-700.html,asics.com
"
GEL-1090™
",asics,"

100,00

",Mujer,https://www.asics.com/es/es-es/womens-shoes/c/as20200000/?sz=96&start=https://www.asics.com/es/es-es/gel-1090%E2%84%A2/p/1202A157-020.html,asics.com
"
GT-800™
",asics,"

100,00

",Mujer,https://www.asics.com/es/es-es/womens-shoes/c/as20200000/?sz=96&start=https://www.asics.com/es/es-es/gt-800%E2%84%A2/p/1012A718-022.html,asics.com
"
GEL-PRELEUS™
",asics,"

160,00

",Mujer,https://www.asics.com/es/es-es/womens-shoes/c/as20200000/?sz=96&start=https://www.asics.com/es/es-es/gel-preleus%E2%84%A2/p/1201A018-020.html,asics.com
"
DYNABLAST™
",asics,"

120,00

",Mujer,https://www.asics.com/es/es-es/womens-shoes/c/as20200000/?sz=96&start=https://www.asics.com/es/es-es/dynablast%E2%84%A2/p/1012A701-001.html,asics.com
"
GEL-1090™
",asics,"

100,00

",Mujer,https://www.asics.com/es/es-es/womens-shoes/c/as20200000/?sz=96&start=https://www.asics.com/es/es-es/gel-1090%E2%84%A2/p/1202A130-101.html,asics.com
"
GT-1000™ 10
",asics,"

120,00

",Mujer,https://www.asics.com/es/es-es/womens-shoes/c/as20200000/?sz=96&start=https://www.asics.com/es/es-es/gt-1000%E2%84%A2-10/p/1012A878-301.html,asics.com
"
JAPAN S™
",asics,"

70,00

",Mujer,https://www.asics.com/es/es-es/womens-shoes/c/as20200000/?sz=96&start=https://www.asics.com/es/es-es/japan-s%E2%84%A2/p/1192A208-103.html,asics.com
"
GEL-KAYANO 27 LTX
",asics,"

240,00

",Mujer,https://www.asics.com/es/es-es/womens-shoes/c/as20200000/?sz=96&start=https://www.asics.com/es/es-es/gel-kayano-27-ltx/p/1201A115-500.html,asics.com
"
GT-1000™ 10
",asics,"

120,00

",Mujer,https://www.asics.com/es/es-es/womens-shoes/c/as20200000/?sz=96&start=https://www.asics.com/es/es-es/gt-1000%E2%84%A2-10/p/1012A878-407.html,asics.com
"
JAPAN S™
",asics,"

70,00

",Mujer,https://www.asics.com/es/es-es/womens-shoes/c/as20200000/?sz=96&start=https://www.asics.com/es/es-es/japan-s%E2%84%A2/p/1192A125-100.html,asics.com
"
GEL-EXCITE™ 8
",asics,"

80,00

",Mujer,https://www.asics.com/es/es-es/womens-shoes/c/as20200000/?sz=96&start=https://www.asics.com/es/es-es/gel-excite%E2%84%A2-8/p/1012A916-001.html,asics.com
"
GLIDERIDE™
",asics,"

170,00

",Mujer,https://www.asics.com/es/es-es/womens-shoes/c/as20200000/?sz=96&start=https://www.asics.com/es/es-es/glideride%E2%84%A2/p/1012A930-001.html,asics.com
"
GEL-DEDICATE™ 6 CLAY
",asics,"

65,00

",Mujer,https://www.asics.com/es/es-es/womens-shoes/c/as20200000/?sz=96&start=https://www.asics.com/es/es-es/gel-dedicate%E2%84%A2-6-clay/p/1042A073-105.html,asics.com
"
NETBURNER BALLISTIC™ FF 2
",asics,"

130,00

",Mujer,https://www.asics.com/es/es-es/womens-shoes/c/as20200000/?sz=96&start=https://www.asics.com/es/es-es/netburner-ballistic%E2%84%A2-ff-2/p/1052A033-102.html,asics.com
"
GEL-NIMBUS™ 22
",asics,"

180,00

",Mujer,https://www.asics.com/es/es-es/womens-shoes/c/as20200000/?sz=96&start=https://www.asics.com/es/es-es/gel-nimbus%E2%84%A2-22/p/1012A587-002.html,asics.com
"
GEL-CUMULUS™ 22
",asics,"

140,00

",Mujer,https://www.asics.com/es/es-es/womens-shoes/c/as20200000/?sz=96&start=https://www.asics.com/es/es-es/gel-cumulus%E2%84%A2-22/p/1012A741-404.html,asics.com
"
JAPAN S™
",asics,"

70,00

",Mujer,https://www.asics.com/es/es-es/womens-shoes/c/as20200000/?sz=96&start=https://www.asics.com/es/es-es/japan-s%E2%84%A2/p/1192A147-104.html,asics.com
"
BLAST FF™ 2
",asics,"

130,00

",Mujer,https://www.asics.com/es/es-es/womens-shoes/c/as20200000/?sz=96&start=https://www.asics.com/es/es-es/blast-ff%E2%84%A2-2/p/1072A046-100.html,asics.com
"
GT-2000™ 9
",asics,"

140,00

",Mujer,https://www.asics.com/es/es-es/womens-shoes/c/as20200000/?sz=96&start=https://www.asics.com/es/es-es/gt-2000%E2%84%A2-9/p/1012A859-100.html,asics.com
"
NOVABLAST™ PLATINUM
",asics,"

160,00

",Mujer,https://www.asics.com/es/es-es/womens-shoes/c/as20200000/?sz=96&start=https://www.asics.com/es/es-es/novablast%E2%84%A2-platinum/p/1012A844-020.html,asics.com
"
GEL-PULSE™ 12
",asics,"

100,00

",Mujer,https://www.asics.com/es/es-es/womens-shoes/c/as20200000/?sz=96&start=https://www.asics.com/es/es-es/gel-pulse%E2%84%A2-12/p/1012A724-403.html,asics.com
"
SOLUTION SPEED™ FF
",asics,"

150,00

",Mujer,https://www.asics.com/es/es-es/womens-shoes/c/as20200000/?sz=96&start=https://www.asics.com/es/es-es/solution-speed%E2%84%A2-ff/p/1042A002-300.html,asics.com
"
GT-800™
",asics,"

100,00

",Mujer,https://www.asics.com/es/es-es/womens-shoes/c/as20200000/?sz=96&start=https://www.asics.com/es/es-es/gt-800%E2%84%A2/p/1012A718-001.html,asics.com
"
METARUN
",asics,"

250,00

",Mujer,https://www.asics.com/es/es-es/womens-shoes/c/as20200000/?sz=96&start=https://www.asics.com/es/es-es/metarun/p/T691N-9099.html,asics.com
"
GEL-FUJISETSU 3 G-TX
",asics,"

180,00

",Mujer,https://www.asics.com/es/es-es/womens-shoes/c/as20200000/?sz=96&start=https://www.asics.com/es/es-es/gel-fujisetsu-3-g-tx/p/1012A846-001.html,asics.com
"
MetaRun
",asics,"

250,00

",Mujer,https://www.asics.com/es/es-es/womens-shoes/c/as20200000/?sz=96&start=https://www.asics.com/es/es-es/metarun/p/T798N-9623.html,asics.com
"
GEL-LYTE™ III OG
",asics,"

120,00

",Mujer,https://www.asics.com/es/es-es/womens-shoes/c/as20200000/?sz=96&start=https://www.asics.com/es/es-es/gel-lyte%E2%84%A2-iii-og/p/1201A051-750.html,asics.com
"
GLIDERIDE™ 2
",asics,"

160,00

",Mujer,https://www.asics.com/es/es-es/womens-shoes/c/as20200000/?sz=96&start=https://www.asics.com/es/es-es/glideride%E2%84%A2-2/p/1012A890-700.html,asics.com
"
GEL-GAME™ 7
",asics,"

80,00

",Mujer,https://www.asics.com/es/es-es/womens-shoes/c/as20200000/?sz=96&start=https://www.asics.com/es/es-es/gel-game%E2%84%A2-7/p/1042A036-105.html,asics.com
"
GEL-KAYANO™ 27 PLATINUM
",asics,"

200,00

",Mujer,https://www.asics.com/es/es-es/womens-shoes/c/as20200000/?sz=96&start=https://www.asics.com/es/es-es/gel-kayano%E2%84%A2-27-platinum/p/1012A763-020.html,asics.com
"
JAPAN S™
",asics,"

70,00

",Mujer,https://www.asics.com/es/es-es/womens-shoes/c/as20200000/?sz=96&start=https://www.asics.com/es/es-es/japan-s%E2%84%A2/p/1192A208-100.html,asics.com
"
GEL-QUANTUM 180™ 5
",asics,"

140,00

",Mujer,https://www.asics.com/es/es-es/womens-shoes/c/as20200000/?sz=96&start=https://www.asics.com/es/es-es/gel-quantum-180%E2%84%A2-5/p/1202A023-200.html,asics.com
"
GEL-NIMBUS™ 22 KNIT
",asics,"

180,00

",Mujer,https://www.asics.com/es/es-es/womens-shoes/c/as20200000/?sz=96&start=https://www.asics.com/es/es-es/gel-nimbus%E2%84%A2-22-knit/p/1012A678-001.html,asics.com
"
GEL-CHALLENGER™ 12
",asics,"

100,00

",Mujer,https://www.asics.com/es/es-es/womens-shoes/c/as20200000/?sz=96&start=https://www.asics.com/es/es-es/gel-challenger%E2%84%A2-12/p/1042A041-107.html,asics.com
"
GEL-KAYANO 27 LTX
",asics,"

240,00

",Mujer,https://www.asics.com/es/es-es/womens-shoes/c/as20200000/?sz=96&start=https://www.asics.com/es/es-es/gel-kayano-27-ltx/p/1201A115-800.html,asics.com
"
GEL-SONOMA™ 6
",asics,"

85,00

",Mujer,https://www.asics.com/es/es-es/womens-shoes/c/as20200000/?sz=96&start=https://www.asics.com/es/es-es/gel-sonoma%E2%84%A2-6/p/1012A922-020.html,asics.com
"
GEL-PULSE™ 12 G-TX
",asics,"

120,00

",Mujer,https://www.asics.com/es/es-es/womens-shoes/c/as20200000/?sz=96&start=https://www.asics.com/es/es-es/gel-pulse%E2%84%A2-12-g-tx/p/1012A728-020.html,asics.com
"
JAPAN S™ PF
",asics,"

80,00

",Mujer,https://www.asics.com/es/es-es/womens-shoes/c/as20200000/?sz=96&start=https://www.asics.com/es/es-es/japan-s%E2%84%A2-pf/p/1202A024-103.html,asics.com
"
GEL-QUANTUM 360™ 6
",asics,"

170,00

",Mujer,https://www.asics.com/es/es-es/womens-shoes/c/as20200000/?sz=96&start=https://www.asics.com/es/es-es/gel-quantum-360%E2%84%A2-6/p/1022A263-200.html,asics.com
"
NETBURNER BALLISTIC™ FF MT 2
",asics,"

140,00

",Mujer,https://www.asics.com/es/es-es/womens-shoes/c/as20200000/?sz=96&start=https://www.asics.com/es/es-es/netburner-ballistic%E2%84%A2-ff-mt-2/p/1052A034-400.html,asics.com
"
NETBURNER BALLISTIC™ FF 2
",asics,"

130,00

",Mujer,https://www.asics.com/es/es-es/womens-shoes/c/as20200000/?sz=96&start=https://www.asics.com/es/es-es/netburner-ballistic%E2%84%A2-ff-2/p/1052A033-400.html,asics.com
"
TIGER RUNNER™
",asics,"

60,00

",Mujer,https://www.asics.com/es/es-es/womens-shoes/c/as20200000/?sz=96&start=https://www.asics.com/es/es-es/tiger-runner%E2%84%A2/p/1192A160-102.html,asics.com
"
SOLUTION SPEED™ FF CLAY
",asics,"

150,00

",Mujer,https://www.asics.com/es/es-es/womens-shoes/c/as20200000/?sz=96&start=https://www.asics.com/es/es-es/solution-speed%E2%84%A2-ff-clay/p/1042A003-300.html,asics.com
"
GEL-MIQRUM
",asics,"

100,00

",Mujer,https://www.asics.com/es/es-es/womens-shoes/c/as20200000/?sz=96&start=https://www.asics.com/es/es-es/gel-miqrum/p/1202A020-100.html,asics.com
"
SOLUTION SPEED™ FF CLAY
",asics,"

150,00

",Mujer,https://www.asics.com/es/es-es/womens-shoes/c/as20200000/?sz=96&start=https://www.asics.com/es/es-es/solution-speed%E2%84%A2-ff-clay/p/1042A003-104.html,asics.com
"
MATFLEX™ 6 GS
",asics,"

55,00

",Mujer,https://www.asics.com/es/es-es/womens-shoes/c/as20200000/?sz=96&start=https://www.asics.com/es/es-es/matflex%E2%84%A2-6-gs/p/1084A007-601.html,asics.com
"
DYNABLAST™ NEW STRONG™
",asics,"

120,00

",Mujer,https://www.asics.com/es/es-es/womens-shoes/c/as20200000/?sz=96&start=https://www.asics.com/es/es-es/dynablast%E2%84%A2-new-strong%E2%84%A2/p/1012B001-300.html,asics.com
"
GEL-NIMBUS™ 23
",asics,"

180,00

",Mujer,https://www.asics.com/es/es-es/womens-shoes/c/as20200000/?sz=96&start=https://www.asics.com/es/es-es/gel-nimbus%E2%84%A2-23/p/1012A885-700.html,asics.com
"
GEL-NIMBUS™ 22
",asics,"

180,00

",Mujer,https://www.asics.com/es/es-es/womens-shoes/c/as20200000/?sz=96&start=https://www.asics.com/es/es-es/gel-nimbus%E2%84%A2-22/p/1012A772-101.html,asics.com
"
JAVELIN PRO™ 2
",asics,"

170,00

",Mujer,https://www.asics.com/es/es-es/womens-shoes/c/as20200000/?sz=96&start=https://www.asics.com/es/es-es/javelin-pro%E2%84%A2-2/p/1093A028-701.html,asics.com
"
GEL-1090™
",asics,"

100,00

",Mujer,https://www.asics.com/es/es-es/womens-shoes/c/as20200000/?sz=96&start=https://www.asics.com/es/es-es/gel-1090%E2%84%A2/p/1022A215-101.html,asics.com
"
GEL-DS TRAINER™ 26
",asics,"

140,00

",Mujer,https://www.asics.com/es/es-es/womens-shoes/c/as20200000/?sz=96&start=https://www.asics.com/es/es-es/gel-ds-trainer%E2%84%A2-26/p/1012B091-700.html,asics.com
"
NETBURNER PROFESSIONAL™ FF 2
",asics,"

150,00

",Mujer,https://www.asics.com/es/es-es/womens-shoes/c/as20200000/?sz=96&start=https://www.asics.com/es/es-es/netburner-professional%E2%84%A2-ff-2/p/1072A036-002.html,asics.com
"
NOVABLAST™
",asics,"

150,00

",Mujer,https://www.asics.com/es/es-es/womens-shoes/c/as20200000/?sz=96&start=https://www.asics.com/es/es-es/novablast%E2%84%A2/p/1012A929-001.html,asics.com
"
JAPAN S™ PF
",asics,"

80,00

",Mujer,https://www.asics.com/es/es-es/womens-shoes/c/as20200000/?sz=96&start=https://www.asics.com/es/es-es/japan-s%E2%84%A2-pf/p/1202A024-104.html,asics.com
"
GEL-KAYANO™ 14
",asics,"

150,00

",Mujer,https://www.asics.com/es/es-es/womens-shoes/c/as20200000/?sz=96&start=https://www.asics.com/es/es-es/gel-kayano%E2%84%A2-14/p/1202A127-021.html,asics.com
"
EVORIDE™
",asics,"

130,00

",Mujer,https://www.asics.com/es/es-es/womens-shoes/c/as20200000/?sz=96&start=https://www.asics.com/es/es-es/evoride%E2%84%A2/p/1012A677-001.html,asics.com
"
NETBURNER BALLISTIC™ FF 2 L.E.
",asics,"

130,00

",Mujer,https://www.asics.com/es/es-es/womens-shoes/c/as20200000/?sz=96&start=https://www.asics.com/es/es-es/netburner-ballistic%E2%84%A2-ff-2-l.e./p/1052A050-010.html,asics.com
"
GT-1000™ 10
",asics,"

120,00

",Mujer,https://www.asics.com/es/es-es/womens-shoes/c/as20200000/?sz=96&start=https://www.asics.com/es/es-es/gt-1000%E2%84%A2-10/p/1012A878-006.html,asics.com
"
GEL-PULSE™ 12
",asics,"

100,00

",Mujer,https://www.asics.com/es/es-es/womens-shoes/c/as20200000/?sz=96&start=https://www.asics.com/es/es-es/gel-pulse%E2%84%A2-12/p/1012A724-022.html,asics.com
"
GEL-NANDI™ OG
",asics,"

100,00

",Mujer,https://www.asics.com/es/es-es/womens-shoes/c/as20200000/?sz=96&start=https://www.asics.com/es/es-es/gel-nandi%E2%84%A2-og/p/1202A120-201.html,asics.com
"
DYNABLAST™
",asics,"

120,00

",Mujer,https://www.asics.com/es/es-es/womens-shoes/c/as20200000/?sz=96&start=https://www.asics.com/es/es-es/dynablast%E2%84%A2/p/1012A701-100.html,asics.com
"
GELSAGA™ SOU
",asics,"

90,00

",Mujer,https://www.asics.com/es/es-es/womens-shoes/c/as20200000/?sz=96&start=https://www.asics.com/es/es-es/gelsaga%E2%84%A2-sou/p/1192A135-102.html,asics.com
"
JAPAN S™ PF
",asics,"

80,00

",Mujer,https://www.asics.com/es/es-es/womens-shoes/c/as20200000/?sz=96&start=https://www.asics.com/es/es-es/japan-s%E2%84%A2-pf/p/1202A024-001.html,asics.com
"
LYTE CLASSIC™
",asics,"

80,00

",Mujer,https://www.asics.com/es/es-es/womens-shoes/c/as20200000/?sz=96&start=https://www.asics.com/es/es-es/lyte-classic%E2%84%A2/p/1192A179-101.html,asics.com
"
GEL-TASK™ 2
",asics,"

80,00

",Mujer,https://www.asics.com/es/es-es/womens-shoes/c/as20200000/?sz=96&start=https://www.asics.com/es/es-es/gel-task%E2%84%A2-2/p/1072A038-402.html,asics.com
"
GEL-RESOLUTION™ 8
",asics,"

140,00

",Mujer,https://www.asics.com/es/es-es/womens-shoes/c/as20200000/?sz=96&start=https://www.asics.com/es/es-es/gel-resolution%E2%84%A2-8/p/1042A072-106.html,asics.com
"
GLIDERIDE™
",asics,"

160,00

",Mujer,https://www.asics.com/es/es-es/womens-shoes/c/as20200000/?sz=96&start=https://www.asics.com/es/es-es/glideride%E2%84%A2/p/1012A699-022.html,asics.com
"
GEL-GAME™ 7 CLAY
",asics,"

80,00

",Mujer,https://www.asics.com/es/es-es/womens-shoes/c/as20200000/?sz=96&start=https://www.asics.com/es/es-es/gel-game%E2%84%A2-7-clay/p/1042A038-301.html,asics.com
"
DYNABLAST™
",asics,"

120,00

",Mujer,https://www.asics.com/es/es-es/womens-shoes/c/as20200000/?sz=96&start=https://www.asics.com/es/es-es/dynablast%E2%84%A2/p/1012A701-003.html,asics.com
"
GEL-CHALLENGER™ 12 CLAY
",asics,"

100,00

",Mujer,https://www.asics.com/es/es-es/womens-shoes/c/as20200000/?sz=96&start=https://www.asics.com/es/es-es/gel-challenger%E2%84%A2-12-clay/p/1042A039-107.html,asics.com
"
MATFLEX™ 6
",asics,"

65,00

",Mujer,https://www.asics.com/es/es-es/womens-shoes/c/as20200000/?sz=96&start=https://www.asics.com/es/es-es/matflex%E2%84%A2-6/p/1081A021-002.html,asics.com
"
GT-2000™ 9
",asics,"

140,00

",Mujer,https://www.asics.com/es/es-es/womens-shoes/c/as20200000/?sz=96&start=https://www.asics.com/es/es-es/gt-2000%E2%84%A2-9/p/1012A859-004.html,asics.com
"
GEL-CUMULUS™ 22
",asics,"

140,00

",Mujer,https://www.asics.com/es/es-es/womens-shoes/c/as20200000/?sz=96&start=https://www.asics.com/es/es-es/gel-cumulus%E2%84%A2-22/p/1012A741-001.html,asics.com
"
FUJITRABUCO™ LYTE
",asics,"

130,00

",Mujer,https://www.asics.com/es/es-es/womens-shoes/c/as20200000/?sz=96&start=https://www.asics.com/es/es-es/fujitrabuco%E2%84%A2-lyte/p/1012A599-021.html,asics.com
"
TRAIL SCOUT™
",asics,"

60,00

",Mujer,https://www.asics.com/es/es-es/womens-shoes/c/as20200000/?sz=96&start=https://www.asics.com/es/es-es/trail-scout%E2%84%A2/p/1012A566-001.html,asics.com
"
GEL-KAYANO™ 27 LITE-SHOW
",asics,"

190,00

",Mujer,https://www.asics.com/es/es-es/womens-shoes/c/as20200000/?sz=96&start=https://www.asics.com/es/es-es/gel-kayano%E2%84%A2-27-lite-show/p/1012A761-100.html,asics.com
"
GEL-KAYANO™ 27 AWL
",asics,"

190,00

",Mujer,https://www.asics.com/es/es-es/womens-shoes/c/as20200000/?sz=96&start=https://www.asics.com/es/es-es/gel-kayano%E2%84%A2-27-awl/p/1012A762-020.html,asics.com
"
GEL-LYTE III OG
",asics,"

130,00

",Mujer,https://www.asics.com/es/es-es/womens-shoes/c/as20200000/?sz=96&start=https://www.asics.com/es/es-es/gel-lyte-iii-og/p/1203A114-301.html,asics.com
"
GEL-KAYANO™ 27
",asics,"

180,00

",Mujer,https://www.asics.com/es/es-es/womens-shoes/c/as20200000/?sz=96&start=https://www.asics.com/es/es-es/gel-kayano%E2%84%A2-27/p/1012A649-250.html,asics.com
"
JAPAN S™ PF NEW STRONG™
",asics,"

80,00

",Mujer,https://www.asics.com/es/es-es/womens-shoes/c/as20200000/?sz=96&start=https://www.asics.com/es/es-es/japan-s%E2%84%A2-pf-new-strong%E2%84%A2/p/1202A008-100.html,asics.com
"
GT-2000™ 8 TRAIL
",asics,"

140,00

",Mujer,https://www.asics.com/es/es-es/womens-shoes/c/as20200000/?sz=96&start=https://www.asics.com/es/es-es/gt-2000%E2%84%A2-8-trail/p/1012A577-002.html,asics.com
"
GEL-1090™
",asics,"

100,00

",Mujer,https://www.asics.com/es/es-es/womens-shoes/c/as20200000/?sz=96&start=https://www.asics.com/es/es-es/gel-1090%E2%84%A2/p/1022A215-100.html,asics.com
"
GEL-QUANTUM 360™ 6 NEW STRONG™
",asics,"

170,00

",Mujer,https://www.asics.com/es/es-es/womens-shoes/c/as20200000/?sz=96&start=https://www.asics.com/es/es-es/gel-quantum-360%E2%84%A2-6-new-strong%E2%84%A2/p/1202A016-100.html,asics.com
"
GEL-NIMBUS™ 22 LITE-SHOW
",asics,"

190,00

",Mujer,https://www.asics.com/es/es-es/womens-shoes/c/as20200000/?sz=96&start=https://www.asics.com/es/es-es/gel-nimbus%E2%84%A2-22-lite-show/p/1012A766-100.html,asics.com
"
JAPAN S™ PF
",asics,"

80,00

",Mujer,https://www.asics.com/es/es-es/womens-shoes/c/as20200000/?sz=96&start=https://www.asics.com/es/es-es/japan-s%E2%84%A2-pf/p/1202A024-100.html,asics.com
"
GT-2000™ 8
",asics,"

140,00

",Mujer,https://www.asics.com/es/es-es/womens-shoes/c/as20200000/?sz=96&start=https://www.asics.com/es/es-es/gt-2000%E2%84%A2-8/p/1012A591-023.html,asics.com
"
JAPAN S™
",asics,"

70,00

",Mujer,https://www.asics.com/es/es-es/womens-shoes/c/as20200000/?sz=96&start=https://www.asics.com/es/es-es/japan-s%E2%84%A2/p/1192A208-102.html,asics.com
"
GEL-LYTE III OG
",asics,"

130,00

",Mujer,https://www.asics.com/es/es-es/womens-shoes/c/as20200000/?sz=96&start=https://www.asics.com/es/es-es/gel-lyte-iii-og/p/1201A164-300.html,asics.com
"
NETBURNER SUPER™ FF
",asics,"

140,00

",Mujer,https://www.asics.com/es/es-es/womens-shoes/c/as20200000/?sz=96&start=https://www.asics.com/es/es-es/netburner-super%E2%84%A2-ff/p/1072A014-700.html,asics.com
"
NOVABLAST™
",asics,"

140,00

",Mujer,https://www.asics.com/es/es-es/womens-shoes/c/as20200000/?sz=96&start=https://www.asics.com/es/es-es/novablast%E2%84%A2/p/1012A584-003.html,asics.com
"
GEL-CONTEND™ SL
",asics,"

70,00

",Mujer,https://www.asics.com/es/es-es/womens-shoes/c/as20200000/?sz=96&start=https://www.asics.com/es/es-es/gel-contend%E2%84%A2-sl/p/1132A057-100.html,asics.com
"
PATRIOT™ 12
",asics,"

60,00

",Mujer,https://www.asics.com/es/es-es/womens-shoes/c/as20200000/?sz=96&start=https://www.asics.com/es/es-es/patriot%E2%84%A2-12/p/1012A705-700.html,asics.com
"
GEL-CUMULUS™ 22 AWL
",asics,"

150,00

",Mujer,https://www.asics.com/es/es-es/womens-shoes/c/as20200000/?sz=96&start=https://www.asics.com/es/es-es/gel-cumulus%E2%84%A2-22-awl/p/1012A737-020.html,asics.com
"
GEL-KAYANO™ 27 MK
",asics,"

180,00

",Mujer,https://www.asics.com/es/es-es/womens-shoes/c/as20200000/?sz=96&start=https://www.asics.com/es/es-es/gel-kayano%E2%84%A2-27-mk/p/1012A864-001.html,asics.com
"
GEL-VENTURE™ 8 WATERPROOF
",asics,"

80,00

",Mujer,https://www.asics.com/es/es-es/womens-shoes/c/as20200000/?sz=96&start=https://www.asics.com/es/es-es/gel-venture%E2%84%A2-8-waterproof/p/1012A707-003.html,asics.com
"
GEL-KUMO LYTE™ 2
",asics,"

95,00

",Mujer,https://www.asics.com/es/es-es/womens-shoes/c/as20200000/?sz=96&start=https://www.asics.com/es/es-es/gel-kumo-lyte%E2%84%A2-2/p/1012A913-002.html,asics.com
"
GEL-KAYANO™ 27
",asics,"

180,00

",Mujer,https://www.asics.com/es/es-es/womens-shoes/c/as20200000/?sz=96&start=https://www.asics.com/es/es-es/gel-kayano%E2%84%A2-27/p/1012A649-101.html,asics.com
"
LYTE CLASSIC™
",asics,"

85,00

",Mujer,https://www.asics.com/es/es-es/womens-shoes/c/as20200000/?sz=96&start=https://www.asics.com/es/es-es/lyte-classic%E2%84%A2/p/1201A103-023.html,asics.com
"
GEL-LYTE RUNNER 2
",asics,"

80,00

",Mujer,https://www.asics.com/es/es-es/womens-shoes/c/as20200000/?sz=96&start=https://www.asics.com/es/es-es/gel-lyte-runner-2/p/1191A296-001.html,asics.com
"
GEL-DS TRAINER™ 25
",asics,"

140,00

",Mujer,https://www.asics.com/es/es-es/womens-shoes/c/as20200000/?sz=96&start=https://www.asics.com/es/es-es/gel-ds-trainer%E2%84%A2-25/p/1012A579-700.html,asics.com
"
TARTHEREDGE™ 2
",asics,"

130,00

",Mujer,https://www.asics.com/es/es-es/womens-shoes/c/as20200000/?sz=96&start=https://www.asics.com/es/es-es/tartheredge%E2%84%A2-2/p/1012A733-600.html,asics.com
"
PATRIOT™ 12
",asics,"

60,00

",Mujer,https://www.asics.com/es/es-es/womens-shoes/c/as20200000/?sz=96&start=https://www.asics.com/es/es-es/patriot%E2%84%A2-12/p/1012A705-001.html,asics.com
"
GEL-RESOLUTION™ 8 CLAY
",asics,"

140,00

",Mujer,https://www.asics.com/es/es-es/womens-shoes/c/as20200000/?sz=96&start=https://www.asics.com/es/es-es/gel-resolution%E2%84%A2-8-clay/p/1042A070-106.html,asics.com
"
TIGER RUNNER™
",asics,"

60,00

",Mujer,https://www.asics.com/es/es-es/womens-shoes/c/as20200000/?sz=96&start=https://www.asics.com/es/es-es/tiger-runner%E2%84%A2/p/1201A093-100.html,asics.com
"
GT-2000™ 8
",asics,"

140,00

",Mujer,https://www.asics.com/es/es-es/womens-shoes/c/as20200000/?sz=96&start=https://www.asics.com/es/es-es/gt-2000%E2%84%A2-8/p/1012A591-404.html,asics.com
"
GT-2000™ 8
",asics,"

140,00

",Mujer,https://www.asics.com/es/es-es/womens-shoes/c/as20200000/?sz=96&start=https://www.asics.com/es/es-es/gt-2000%E2%84%A2-8/p/1012A591-008.html,asics.com
"
GEL-MISSION™ 3
",asics,"

60,00

",Mujer,https://www.asics.com/es/es-es/womens-shoes/c/as20200000/?sz=96&start=https://www.asics.com/es/es-es/gel-mission%E2%84%A2-3/p/Q851Y-9097.html,asics.com
"
GEL-PEAKE™
",asics,"

100,00

",Mujer,https://www.asics.com/es/es-es/womens-shoes/c/as20200000/?sz=96&start=https://www.asics.com/es/es-es/gel-peake%E2%84%A2/p/1113A023-002.html,asics.com
"
GEL-EXCITE™ 8
",asics,"

80,00

",Mujer,https://www.asics.com/es/es-es/womens-shoes/c/as20200000/?sz=96&start=https://www.asics.com/es/es-es/gel-excite%E2%84%A2-8/p/1012A916-403.html,asics.com
"
GEL-QUANTUM 180™ 5
",asics,"

140,00

",Mujer,https://www.asics.com/es/es-es/womens-shoes/c/as20200000/?sz=96&start=https://www.asics.com/es/es-es/gel-quantum-180%E2%84%A2-5/p/1202A023-021.html,asics.com
"
GEL-PULSE™ 12
",asics,"

100,00

",Mujer,https://www.asics.com/es/es-es/womens-shoes/c/as20200000/?sz=96&start=https://www.asics.com/es/es-es/gel-pulse%E2%84%A2-12/p/1012A724-404.html,asics.com
"
LYTE™ CLASSIC
",asics,"

80,00

",Mujer,https://www.asics.com/es/es-es/womens-shoes/c/as20200000/?sz=96&start=https://www.asics.com/es/es-es/lyte%E2%84%A2-classic/p/1192A209-002.html,asics.com
"
LYTE CLASSIC™ FUTURE TOKYO
",asics,"

90,00

",Mujer,https://www.asics.com/es/es-es/womens-shoes/c/as20200000/?sz=96&start=https://www.asics.com/es/es-es/lyte-classic%E2%84%A2-future-tokyo/p/1202A011-100.html,asics.com
"
GEL-BND
",asics,"

85,00

",Mujer,https://www.asics.com/es/es-es/womens-shoes/c/as20200000/?sz=96&start=https://www.asics.com/es/es-es/gel-bnd/p/1022A194-100.html,asics.com
"
COURT SPEED™ FF L.E.
",asics,"

120,00

",Mujer,https://www.asics.com/es/es-es/womens-shoes/c/as20200000/?sz=96&start=https://www.asics.com/es/es-es/court-speed%E2%84%A2-ff-l.e./p/1042A127-010.html,asics.com
"
GT-1000™ 10
",asics,"

120,00

",Mujer,https://www.asics.com/es/es-es/womens-shoes/c/as20200000/?sz=96&start=https://www.asics.com/es/es-es/gt-1000%E2%84%A2-10/p/1012A878-005.html,asics.com
"
GEL-TACTIC™
",asics,"

100,00

",Mujer,https://www.asics.com/es/es-es/womens-shoes/c/as20200000/?sz=96&start=https://www.asics.com/es/es-es/gel-tactic%E2%84%A2/p/1072A035-103.html,asics.com
"
GEL-FUJITRABUCO™ 8 G-TX
",asics,"

150,00

",Mujer,https://www.asics.com/es/es-es/womens-shoes/c/as20200000/?sz=96&start=https://www.asics.com/es/es-es/gel-fujitrabuco%E2%84%A2-8-g-tx/p/1012A573-001.html,asics.com
"
GEL-FUJITRABUCO™ 8 G-TX
",asics,"

150,00

",Mujer,https://www.asics.com/es/es-es/womens-shoes/c/as20200000/?sz=96&start=https://www.asics.com/es/es-es/gel-fujitrabuco%E2%84%A2-8-g-tx/p/1012A573-003.html,asics.com
"
GEL-PRELEUS™
",asics,"

110,00

",Mujer,https://www.asics.com/es/es-es/womens-shoes/c/as20200000/?sz=96&start=https://www.asics.com/es/es-es/gel-preleus%E2%84%A2/p/1202A061-251.html,asics.com
"
GEL-SONOMA™ 6
",asics,"

85,00

",Mujer,https://www.asics.com/es/es-es/womens-shoes/c/as20200000/?sz=96&start=https://www.asics.com/es/es-es/gel-sonoma%E2%84%A2-6/p/1012A922-001.html,asics.com
"
GEL-CUMULUS™ 22 NARROW
",asics,"

140,00

",Mujer,https://www.asics.com/es/es-es/womens-shoes/c/as20200000/?sz=96&start=https://www.asics.com/es/es-es/gel-cumulus%E2%84%A2-22-narrow/p/1012A740-020.html,asics.com
"
GEL-KAYANO™ 27 MK
",asics,"

180,00

",Mujer,https://www.asics.com/es/es-es/womens-shoes/c/as20200000/?sz=96&start=https://www.asics.com/es/es-es/gel-kayano%E2%84%A2-27-mk/p/1012A715-001.html,asics.com
"
NOVABLAST™
",asics,"

140,00

",Mujer,https://www.asics.com/es/es-es/womens-shoes/c/as20200000/?sz=96&start=https://www.asics.com/es/es-es/novablast%E2%84%A2/p/1012A584-100.html,asics.com
"
GT-1000™ 9
",asics,"

120,00

",Mujer,https://www.asics.com/es/es-es/womens-shoes/c/as20200000/?sz=96&start=https://www.asics.com/es/es-es/gt-1000%E2%84%A2-9/p/1012A651-020.html,asics.com
"
FujiTrabuco™ PRO
",asics,"

140,00

",Mujer,https://www.asics.com/es/es-es/womens-shoes/c/as20200000/?sz=96&start=https://www.asics.com/es/es-es/fujitrabuco%E2%84%A2-pro/p/1012A481-002.html,asics.com
"
JB ELITE™ IV
",asics,"

110,00

",Mujer,https://www.asics.com/es/es-es/womens-shoes/c/as20200000/?sz=96&start=https://www.asics.com/es/es-es/jb-elite%E2%84%A2-iv/p/1081A016-600.html,asics.com
"
GEL-FUJITRABUCO™ 8
",asics,"

140,00

",Mujer,https://www.asics.com/es/es-es/womens-shoes/c/as20200000/?sz=96&start=https://www.asics.com/es/es-es/gel-fujitrabuco%E2%84%A2-8/p/1012A574-003.html,asics.com
"
GEL-LYTE™ III OG
",asics,"

120,00

",Mujer,https://www.asics.com/es/es-es/womens-shoes/c/as20200000/?sz=96&start=https://www.asics.com/es/es-es/gel-lyte%E2%84%A2-iii-og/p/1201A051-400.html,asics.com
"
GEL-PULSE™ 12
",asics,"

100,00

",Mujer,https://www.asics.com/es/es-es/womens-shoes/c/as20200000/?sz=96&start=https://www.asics.com/es/es-es/gel-pulse%E2%84%A2-12/p/1012A724-401.html,asics.com
"
GT-2000™ 8 (NARROW)
",asics,"

140,00

",Mujer,https://www.asics.com/es/es-es/womens-shoes/c/as20200000/?sz=96&start=https://www.asics.com/es/es-es/gt-2000%E2%84%A2-8-narrow/p/1012A594-002.html,asics.com
"
JAPAN S™
",asics,"

80,00

",Mujer,https://www.asics.com/es/es-es/womens-shoes/c/as20200000/?sz=96&start=https://www.asics.com/es/es-es/japan-s%E2%84%A2/p/1202A006-101.html,asics.com
"
GEL-KAYANO™ 27
",asics,"

180,00

",Mujer,https://www.asics.com/es/es-es/womens-shoes/c/as20200000/?sz=96&start=https://www.asics.com/es/es-es/gel-kayano%E2%84%A2-27/p/1012A649-300.html,asics.com
"
GEL-NIMBUS™ 22
",asics,"

180,00

",Mujer,https://www.asics.com/es/es-es/womens-shoes/c/as20200000/?sz=96&start=https://www.asics.com/es/es-es/gel-nimbus%E2%84%A2-22/p/1012A587-020.html,asics.com
"
NETBURNER™ ACADEMY 8
",asics,"

110,00

",Mujer,https://www.asics.com/es/es-es/womens-shoes/c/as20200000/?sz=96&start=https://www.asics.com/es/es-es/netburner%E2%84%A2-academy-8/p/1072A017-700.html,asics.com
"
GEL-FUJITRABUCO™ SKY
",asics,"

150,00

",Mujer,https://www.asics.com/es/es-es/womens-shoes/c/as20200000/?sz=96&start=https://www.asics.com/es/es-es/gel-fujitrabuco%E2%84%A2-sky/p/1012A770-300.html,asics.com
"
FIELD ULTIMATE™ FF
",asics,"

130,00

",Mujer,https://www.asics.com/es/es-es/womens-shoes/c/as20200000/?sz=96&start=https://www.asics.com/es/es-es/field-ultimate%E2%84%A2-ff/p/1112A018-701.html,asics.com
"
NETBURNER BALLISTIC™ FF 2
",asics,"

130,00

",Mujer,https://www.asics.com/es/es-es/womens-shoes/c/as20200000/?sz=96&start=https://www.asics.com/es/es-es/netburner-ballistic%E2%84%A2-ff-2/p/1052A033-100.html,asics.com
"
NULABEL X GEL-QUANTUM 360™ 6
",asics,"

200,00

",Mujer,https://www.asics.com/es/es-es/womens-shoes/c/as20200000/?sz=96&start=https://www.asics.com/es/es-es/nulabel-x-gel-quantum-360%E2%84%A2-6/p/1203A031-001.html,asics.com
"
TIGER RUNNER™
",asics,"

65,00

",Mujer,https://www.asics.com/es/es-es/womens-shoes/c/as20200000/?sz=96&start=https://www.asics.com/es/es-es/tiger-runner%E2%84%A2/p/1192A190-400.html,asics.com
"
GEL-NANDI™ NEW STRONG™
",asics,"

100,00

",Mujer,https://www.asics.com/es/es-es/womens-shoes/c/as20200000/?sz=96&start=https://www.asics.com/es/es-es/gel-nandi%E2%84%A2-new-strong%E2%84%A2/p/1202A021-200.html,asics.com
"
GEL-1090™
",asics,"

100,00

",Mujer,https://www.asics.com/es/es-es/womens-shoes/c/as20200000/?sz=96&start=https://www.asics.com/es/es-es/gel-1090%E2%84%A2/p/1022A215-001.html,asics.com
"
GEL-DEDICATE™ 6
",asics,"

65,00

",Mujer,https://www.asics.com/es/es-es/womens-shoes/c/as20200000/?sz=96&start=https://www.asics.com/es/es-es/gel-dedicate%E2%84%A2-6/p/1042A067-107.html,asics.com
"
NOVABLAST™
",asics,"

140,00

",Mujer,https://www.asics.com/es/es-es/womens-shoes/c/as20200000/?sz=96&start=https://www.asics.com/es/es-es/novablast%E2%84%A2/p/1012A981-100.html,asics.com
"
TIGER RUNNER™
",asics,"

65,00

",Mujer,https://www.asics.com/es/es-es/womens-shoes/c/as20200000/?sz=96&start=https://www.asics.com/es/es-es/tiger-runner%E2%84%A2/p/1192A190-001.html,asics.com
"
JAPAN S™
",asics,"

70,00

",Mujer,https://www.asics.com/es/es-es/womens-shoes/c/as20200000/?sz=96&start=https://www.asics.com/es/es-es/japan-s%E2%84%A2/p/1201A174-100.html,asics.com
"
GEL-1090™ NEW STRONG™
",asics,"

100,00

",Mujer,https://www.asics.com/es/es-es/womens-shoes/c/as20200000/?sz=96&start=https://www.asics.com/es/es-es/gel-1090%E2%84%A2-new-strong%E2%84%A2/p/1022A357-200.html,asics.com
